City_ID,City,Lat,Lng,Max Temp,Humidity,Cloudiness,Wind Speed,Country,Date
0,Cherskiy,68.75,161.3,28.31,96,99,1.59,RU,2022-05-07 17:58:51
1,Tuatapere,-46.1333,167.6833,55.04,89,79,3.11,NZ,2022-05-07 17:58:52
2,Bredasdorp,-34.5322,20.0403,54.86,83,8,4.47,ZA,2022-05-07 17:58:52
3,Lata,40.1629,-8.3327,74.07,42,100,6.76,PT,2022-05-07 17:58:52
4,New Norfolk,-42.7826,147.0587,51.3,65,51,1.99,AU,2022-05-07 17:58:53
5,Hermanus,-34.4187,19.2345,56.8,77,11,8.05,ZA,2022-05-07 17:54:08
6,Necochea,-38.5473,-58.7368,73.22,46,70,14.94,AR,2022-05-07 17:58:53
7,Los Llanos De Aridane,28.6585,-17.9182,67.75,68,20,11.5,ES,2022-05-07 17:58:54
8,Rikitea,-23.1203,-134.9692,77.34,82,70,12.68,PF,2022-05-07 17:58:54
9,Fairbanks,64.8378,-147.7164,42.3,95,100,0.0,US,2022-05-07 17:55:03
10,Avarua,-21.2078,-159.775,77.05,88,40,2.3,CK,2022-05-07 17:54:09
11,Souillac,-20.5167,57.5167,75.58,88,40,11.5,MU,2022-05-07 17:58:55
12,Svetlyy,54.675,20.1347,55.45,89,98,6.58,RU,2022-05-07 17:58:55
13,Urucara,-2.5364,-57.76,84.94,76,89,2.8,BR,2022-05-07 17:58:55
14,Saskylakh,71.9167,114.0833,2.46,96,42,8.25,RU,2022-05-07 17:58:56
15,Zhigansk,66.7697,123.3711,22.48,86,100,7.7,RU,2022-05-07 17:53:59
16,Ventspils,57.3894,21.5606,48.13,93,93,10.36,LV,2022-05-07 17:58:56
17,Castro,-24.7911,-50.0119,66.15,46,35,4.56,BR,2022-05-07 17:58:57
18,Mataura,-46.1927,168.8643,57.47,86,87,3.24,NZ,2022-05-07 17:58:57
19,Chaumont,48.1167,5.1333,58.57,83,100,7.85,FR,2022-05-07 17:58:57
20,Thinadhoo,0.5333,72.9333,84.06,77,55,14.58,MV,2022-05-07 17:58:58
21,Khatanga,71.9667,102.5,-9.0,100,33,4.76,RU,2022-05-07 17:58:58
22,Pirgos,35.1167,25.7178,61.16,76,1,7.29,GR,2022-05-07 17:58:28
23,Parsabad,39.6482,47.9174,57.52,88,75,9.22,IR,2022-05-07 17:58:59
24,Cape Town,-33.9258,18.4232,59.27,73,0,19.57,ZA,2022-05-07 17:54:28
25,Hobart,-42.8794,147.3294,51.66,73,40,12.66,AU,2022-05-07 17:58:59
26,Savonlinna,61.8699,28.88,42.85,100,100,11.5,FI,2022-05-07 17:59:00
27,Ushuaia,-54.8,-68.3,55.06,47,20,16.11,AR,2022-05-07 17:59:00
28,Vaini,-21.2,-175.2,71.76,94,75,0.0,TO,2022-05-07 17:59:01
29,Jamestown,42.097,-79.2353,61.95,43,97,10.0,US,2022-05-07 17:59:01
30,Pevek,69.7008,170.3133,23.38,95,100,4.99,RU,2022-05-07 17:59:01
31,Astoria,46.1879,-123.8313,52.93,70,97,8.99,US,2022-05-07 17:55:02
32,Ponnampet,12.15,75.9333,68.34,95,90,2.13,IN,2022-05-07 17:59:02
33,Vestmannaeyjar,63.4427,-20.2734,45.59,81,100,20.71,IS,2022-05-07 17:59:02
34,Conde,-7.2597,-34.9075,83.66,74,75,12.66,BR,2022-05-07 17:59:03
35,Geraldton,-28.7667,114.6,54.01,94,16,6.91,AU,2022-05-07 17:59:04
36,Busselton,-33.65,115.3333,58.3,70,61,1.79,AU,2022-05-07 17:59:04
37,Kapaa,22.0752,-159.319,75.18,83,100,5.01,US,2022-05-07 17:59:04
38,Pacific Grove,36.6177,-121.9166,66.54,76,20,10.0,US,2022-05-07 17:59:05
39,Barrow,71.2906,-156.7887,15.28,92,100,6.78,US,2022-05-07 17:59:05
40,Butaritari,3.0707,172.7902,80.98,80,94,13.65,KI,2022-05-07 17:59:06
41,Torbay,47.6666,-52.7314,44.28,59,100,21.85,CA,2022-05-07 17:59:06
42,Vardo,70.3705,31.1107,37.38,81,18,18.41,NO,2022-05-07 17:59:07
43,Dragalina,44.4333,27.3167,53.04,59,72,11.14,RO,2022-05-07 17:59:07
44,Atuona,-9.8,-139.0333,78.66,72,46,16.96,PF,2022-05-07 17:59:08
45,Saint Anthony,45.0205,-93.218,72.84,36,1,8.99,US,2022-05-07 17:59:08
46,Mar Del Plata,-38.0023,-57.5575,73.42,62,0,23.02,AR,2022-05-07 17:55:18
47,Albany,42.6001,-73.9662,58.03,36,100,4.0,US,2022-05-07 17:57:53
48,Sao Jose De Ribamar,-2.5619,-44.0542,80.98,84,99,6.91,BR,2022-05-07 18:00:09
49,Punta Arenas,-53.15,-70.9167,51.12,71,45,26.87,CL,2022-05-07 18:00:12
50,Yenagoa,4.9247,6.2642,79.68,86,97,5.57,NG,2022-05-07 18:00:13
51,Port Alfred,-33.5906,26.891,64.18,83,90,4.0,ZA,2022-05-07 18:00:13
52,Sao Jose Da Coroa Grande,-8.8978,-35.1478,80.67,77,27,7.0,BR,2022-05-07 18:00:14
53,Ribeira Grande,38.5167,-28.7,64.8,68,20,5.75,PT,2022-05-07 18:00:14
54,Prince Rupert,54.3161,-130.3201,44.69,81,75,2.3,CA,2022-05-07 18:00:15
55,Mananjary,-21.2167,48.3333,74.03,91,6,7.9,MG,2022-05-07 18:00:15
56,Saint George,37.1041,-113.5841,85.62,16,3,10.0,US,2022-05-07 17:58:57
57,Pindiga,9.9833,10.9333,90.37,36,46,13.13,NG,2022-05-07 18:00:16
58,Eirunepe,-6.6603,-69.8736,86.81,55,82,4.52,BR,2022-05-07 18:00:16
59,San Carlos De Bariloche,-41.1456,-71.3082,62.35,48,40,21.85,AR,2022-05-07 17:57:01
60,Marsh Harbour,26.5412,-77.0636,81.21,68,8,18.05,BS,2022-05-07 18:00:17
61,Caranavi,-15.8167,-67.55,74.62,54,81,3.42,BO,2022-05-07 18:00:17
62,Lodwar,3.1191,35.5973,91.96,34,64,11.43,KE,2022-05-07 18:00:18
63,Hasaki,35.7333,140.8333,61.2,90,100,7.14,JP,2022-05-07 18:00:18
64,Qaanaaq,77.484,-69.3632,19.58,73,99,1.83,GL,2022-05-07 18:00:19
65,Xuddur,4.1213,43.8894,80.8,62,97,15.03,SO,2022-05-07 18:00:20
66,Dzialdowo,53.2396,20.17,55.31,86,74,12.33,PL,2022-05-07 18:00:20
67,Lorengau,-2.0226,147.2712,82.49,80,83,13.85,PG,2022-05-07 18:00:20
68,Bluff,-46.6,168.3333,57.79,81,89,7.18,NZ,2022-05-07 18:00:21
69,Puerto Ayora,-0.7393,-90.3518,78.76,81,41,9.4,EC,2022-05-07 17:55:31
70,Yellowknife,62.456,-114.3525,37.92,100,100,26.46,CA,2022-05-07 17:56:59
71,Narsaq,60.9167,-46.05,53.82,74,100,2.62,GL,2022-05-07 18:00:22
72,Cidreira,-30.1811,-50.2056,67.3,62,24,6.35,BR,2022-05-07 18:00:22
73,Bethel,41.3712,-73.414,54.52,58,100,5.01,US,2022-05-07 18:00:23
74,Hithadhoo,-0.6,73.0833,84.2,76,65,15.57,MV,2022-05-07 18:00:23
75,Moron,-34.6534,-58.6198,73.94,60,22,6.17,AR,2022-05-07 18:00:27
76,Labuan,5.2767,115.2417,81.9,80,100,3.69,MY,2022-05-07 18:00:28
77,Padang,-0.9492,100.3543,75.25,86,100,4.41,ID,2022-05-07 18:00:28
78,Batagay,67.6333,134.6333,7.93,94,50,1.43,RU,2022-05-07 18:00:28
79,Svetlogorsk,52.6333,29.7333,51.67,87,92,7.78,BY,2022-05-07 18:00:29
80,Thompson,55.7435,-97.8558,60.96,63,20,10.36,CA,2022-05-07 17:56:48
81,Luderitz,-26.6481,15.1594,59.43,64,0,24.67,NA,2022-05-07 18:00:29
82,Severo-Kurilsk,50.6789,156.125,38.39,90,67,1.21,RU,2022-05-07 18:00:30
83,Puerto Leguizamo,-0.1934,-74.7819,75.52,83,98,3.83,CO,2022-05-07 18:00:30
84,Port Moresby,-9.4431,147.1797,76.5,89,80,3.62,PG,2022-05-07 18:00:30
85,Satipo,-11.2522,-74.6386,78.33,72,92,0.94,PE,2022-05-07 18:00:31
86,Iqaluit,63.7506,-68.5145,27.7,42,92,11.99,CA,2022-05-07 18:00:15
87,Churapcha,62.0025,132.4325,30.2,96,99,4.36,RU,2022-05-07 18:00:31
88,Pangnirtung,66.1451,-65.7125,15.8,86,75,8.05,CA,2022-05-07 18:00:32
89,Perth,-31.9333,115.8333,56.66,65,0,5.75,AU,2022-05-07 17:57:54
90,Kutum,14.2,24.6667,84.42,8,74,10.22,SD,2022-05-07 17:58:16
91,Tiksi,71.6872,128.8694,7.88,94,15,7.72,RU,2022-05-07 18:00:32
92,Georgetown,5.4112,100.3354,84.13,84,20,0.0,MY,2022-05-07 18:00:33
93,Najran,17.4924,44.1277,84.76,29,49,4.59,SA,2022-05-07 18:01:33
94,Norman Wells,65.282,-126.8329,40.91,71,100,0.94,CA,2022-05-07 18:01:33
95,Bilibino,68.0546,166.4372,24.66,94,95,3.0,RU,2022-05-07 18:01:34
96,Kamen-Na-Obi,53.7884,81.3423,38.25,37,55,6.4,RU,2022-05-07 18:01:34
97,Ganta,7.3022,-8.5308,72.21,92,59,5.3,LR,2022-05-07 18:01:34
98,Beringovskiy,63.05,179.3167,27.43,92,100,6.24,RU,2022-05-07 18:01:35
99,Saint-Philippe,-21.3585,55.7679,72.99,83,40,12.68,RE,2022-05-07 18:01:35
100,Phangnga,8.4509,98.5298,82.44,93,96,2.64,TH,2022-05-07 18:01:36
101,Tasiilaq,65.6145,-37.6368,32.16,62,69,5.46,GL,2022-05-07 18:01:36
102,Trincomalee,8.5711,81.2335,80.82,81,100,8.61,LK,2022-05-07 18:01:37
103,Constitucion,-35.3333,-72.4167,64.65,53,0,5.95,CL,2022-05-07 18:01:37
104,Bathsheba,13.2167,-59.5167,82.44,72,75,13.35,BB,2022-05-07 18:01:37
105,Kalinovskaya,43.5758,45.5192,49.28,92,100,7.67,RU,2022-05-07 18:01:38
106,Dikson,73.5069,80.5464,7.34,100,65,6.33,RU,2022-05-07 17:59:36
107,Ruteng,-8.6136,120.4721,63.59,94,43,2.08,ID,2022-05-07 18:01:39
108,Kahului,20.8947,-156.47,73.85,90,100,8.99,US,2022-05-07 17:56:57
109,Lebu,-37.6167,-73.65,58.71,70,18,9.44,CL,2022-05-07 18:01:39
110,Kirakira,-10.4544,161.9205,80.69,84,59,9.78,SB,2022-05-07 18:01:39
111,Igarka,67.4667,86.5833,11.26,82,100,23.85,RU,2022-05-07 18:01:40
112,Faya,18.3851,42.4509,68.49,53,16,5.19,SA,2022-05-07 18:01:40
113,Arraial Do Cabo,-22.9661,-42.0278,78.66,65,40,14.97,BR,2022-05-07 17:58:05
114,Bogorodskoye,56.55,37.8833,50.63,68,72,9.6,RU,2022-05-07 18:01:41
115,Negombo,7.2083,79.8358,86.05,79,40,5.75,LK,2022-05-07 17:57:36
116,Fougamou,-1.2154,10.5838,75.9,95,96,1.83,GA,2022-05-07 18:01:41
117,Riverton,40.5219,-111.9391,62.58,44,0,18.99,US,2022-05-07 18:00:07
118,Saldanha,-33.0117,17.9442,59.09,67,1,21.05,ZA,2022-05-07 18:01:42
119,Port Hardy,50.6996,-127.4199,47.61,65,100,8.55,CA,2022-05-07 18:01:42
120,Bloemhof,-27.6469,25.607,64.44,32,67,7.76,ZA,2022-05-07 18:01:43
121,Cap Malheureux,-19.9842,57.6142,78.48,73,5,7.0,MU,2022-05-07 18:01:34
122,Hami,42.8,93.45,73.08,28,2,2.8,CN,2022-05-07 18:01:43
123,Tirunelveli,8.7333,77.7,86.74,65,61,10.65,IN,2022-05-07 18:01:44
124,Sao Joao Da Barra,-21.6403,-41.0511,78.89,62,1,16.55,BR,2022-05-07 18:01:44
125,Broken Hill,-31.95,141.4333,49.86,61,0,7.45,AU,2022-05-07 18:01:44
126,Bentiu,9.2333,29.8333,81.82,62,100,8.05,SS,2022-05-07 18:01:45
127,Kindu,-2.95,25.95,75.96,82,100,0.92,CD,2022-05-07 18:01:45
128,Farafangana,-22.8167,47.8333,73.63,91,12,9.17,MG,2022-05-07 18:01:46
129,Mahendranagar,28.9167,80.3333,81.99,27,16,5.37,NP,2022-05-07 18:01:46
130,Okitipupa,6.5047,4.7839,79.27,83,72,4.09,NG,2022-05-07 18:01:47
131,Port Elizabeth,-33.918,25.5701,62.89,79,75,8.05,ZA,2022-05-07 17:59:35
132,Saint-Joseph,-21.3667,55.6167,71.98,79,34,12.01,RE,2022-05-07 18:01:47
133,Tuktoyaktuk,69.4541,-133.0374,30.06,88,100,7.4,CA,2022-05-07 18:01:48
134,Grants Pass,42.439,-123.3284,51.64,84,40,6.91,US,2022-05-07 18:01:48
135,Port Lincoln,-34.7333,135.8667,55.74,80,7,1.23,AU,2022-05-07 18:00:19
136,Bambous Virieux,-20.3428,57.7575,78.22,88,40,9.22,MU,2022-05-07 18:01:49
137,Pinotepa Nacional,16.3167,-98.0167,96.66,24,96,6.69,MX,2022-05-07 18:01:50
138,Hilo,19.7297,-155.09,83.28,91,100,4.61,US,2022-05-07 18:00:35
139,Wardha,20.75,78.6167,95.0,23,61,5.66,IN,2022-05-07 18:01:50
140,Gamba,-2.65,10.0,77.63,84,84,2.82,GA,2022-05-07 18:02:51
141,Chuy,-33.6971,-53.4616,70.93,53,0,3.09,UY,2022-05-07 18:02:51
142,Fortuna,40.5982,-124.1573,53.65,94,75,9.22,US,2022-05-07 18:00:21
143,Lewistown,40.5992,-77.5714,50.18,100,100,13.8,US,2022-05-07 18:02:51
144,Baillif,16.0202,-61.7463,80.1,77,44,13.91,GP,2022-05-07 18:02:52
145,Vila Velha,-20.3297,-40.2925,76.98,69,2,15.41,BR,2022-05-07 18:00:33
146,Harrison,30.4091,-89.0436,85.05,49,0,9.22,US,2022-05-07 18:02:52
147,Sabzevar,36.2126,57.6819,77.67,31,94,21.85,IR,2022-05-07 18:02:53
148,Moranbah,-22.0016,148.0466,63.55,70,89,18.72,AU,2022-05-07 18:02:53
149,Ponta Do Sol,32.6667,-17.1,69.12,63,56,6.13,PT,2022-05-07 18:01:49
150,Porto Novo,6.4965,2.6036,80.42,78,89,6.13,BJ,2022-05-07 18:02:54
151,Bengkulu,-3.8004,102.2655,76.19,90,100,6.71,ID,2022-05-07 18:02:54
152,Esperance,-33.8667,121.9,57.54,48,78,16.46,AU,2022-05-07 18:02:54
153,Lagoa,39.05,-27.9833,60.91,65,50,5.75,PT,2022-05-07 17:59:28
154,Pangai,-19.8,-174.35,76.1,74,100,5.82,TO,2022-05-07 18:02:55
155,Laguna,38.421,-121.4238,68.29,48,0,5.75,US,2022-05-07 18:02:55
156,Asau,46.4333,26.4,56.32,69,64,1.63,RO,2022-05-07 18:02:56
157,Airai,-8.9266,125.4092,60.15,96,61,3.89,TL,2022-05-07 18:02:56
158,Naze,28.3667,129.4833,69.15,84,76,5.1,JP,2022-05-07 18:02:56
159,Zabaykalsk,49.6333,117.3167,45.39,38,11,12.39,RU,2022-05-07 18:02:57
160,San Quintin,30.4833,-115.95,65.12,72,52,13.65,MX,2022-05-07 18:02:57
161,Kodiak,57.79,-152.4072,44.24,62,4,4.99,US,2022-05-07 18:01:15
162,Marzuq,14.4,46.4667,77.79,39,42,6.06,YE,2022-05-07 18:02:58
163,Mount Isa,-20.7333,139.5,60.57,41,0,5.75,AU,2022-05-07 18:02:58
164,Antibes,43.5624,7.1278,67.48,62,75,10.36,FR,2022-05-07 17:58:48
165,Beloha,-25.1667,45.05,69.6,88,32,4.14,MG,2022-05-07 18:00:36
166,Henties Bay,-22.116,14.2845,58.55,85,0,12.41,NA,2022-05-07 18:02:59
167,Upernavik,72.7868,-56.1549,19.6,69,4,6.62,GL,2022-05-07 18:02:59
168,Kassala,15.451,36.4,94.5,24,58,16.22,SD,2022-05-07 18:03:00
169,Dzaoudzi,-12.7887,45.2699,80.49,78,20,8.05,YT,2022-05-07 18:03:00
170,Alamosa,37.4695,-105.87,73.38,13,0,21.85,US,2022-05-07 18:02:04
171,Nikolskoye,59.7035,30.7861,53.71,82,30,4.36,RU,2022-05-07 18:03:00
172,Taylor,32.3001,-99.8337,101.66,18,20,16.11,US,2022-05-07 18:01:40
173,Ostra,43.6139,13.1582,60.73,70,75,4.61,IT,2022-05-07 18:03:01
174,Paamiut,61.994,-49.6678,34.23,85,28,12.03,GL,2022-05-07 18:03:01
175,Aklavik,68.2191,-135.0107,32.04,87,97,8.48,CA,2022-05-07 18:03:02
176,Zhezkazgan,47.8043,67.7144,51.37,28,11,20.4,KZ,2022-05-07 18:03:02
177,Kieta,-6.2167,155.6333,78.64,84,99,0.85,PG,2022-05-07 18:03:03
178,Margate,51.3813,1.3862,59.31,88,15,5.01,GB,2022-05-07 18:03:03
179,La Joya,18.6667,-99.4667,91.38,24,75,5.17,MX,2022-05-07 18:03:04
180,Orasac,44.6289,16.0711,55.11,98,98,2.77,BA,2022-05-07 18:03:04
181,Sao Filipe,14.8961,-24.4956,74.05,77,49,15.66,CV,2022-05-07 18:03:05
182,Faanui,-16.4833,-151.75,80.56,78,12,7.76,PF,2022-05-07 18:03:05
183,Colesberg,-30.72,25.0972,50.67,78,90,10.29,ZA,2022-05-07 18:03:06
184,Hirado,33.3597,129.5531,63.39,85,56,22.93,JP,2022-05-07 17:58:11
185,Presidencia Roque Saenz Pena,-26.7852,-60.4388,78.75,46,78,5.48,AR,2022-05-07 18:03:07
186,Longyearbyen,78.2186,15.6401,13.84,67,75,10.36,SJ,2022-05-07 17:59:59
187,Comodoro Rivadavia,-45.8667,-67.5,65.08,55,100,17.94,AR,2022-05-07 18:03:07
188,Touho,-20.7833,165.2333,75.29,74,72,21.18,NC,2022-05-07 18:04:08
189,Sumbe,-11.2061,13.8437,77.63,81,100,5.44,AO,2022-05-07 18:04:08
190,Tromso,69.6496,18.957,33.82,86,75,4.61,NO,2022-05-07 18:04:09
191,Kendari,-3.945,122.4989,76.55,94,89,1.25,ID,2022-05-07 18:04:09
192,Provideniya,64.3833,-173.3,31.12,92,100,7.2,RU,2022-05-07 18:04:10
193,Bogalusa,30.791,-89.8487,86.0,45,0,3.44,US,2022-05-07 18:01:12
194,Kavaratti,10.5669,72.642,84.67,71,20,11.01,IN,2022-05-07 18:01:38
195,North Bend,43.4065,-124.2243,51.71,87,100,14.97,US,2022-05-07 18:00:19
196,Abonnema,4.7084,6.7931,81.57,79,100,7.67,NG,2022-05-07 18:04:10
197,Yinchuan,38.4681,106.2731,67.68,26,97,14.58,CN,2022-05-07 18:00:10
198,San Rafael,-34.6177,-68.3301,79.03,20,0,16.37,AR,2022-05-07 18:00:32
199,Leningradskiy,69.3833,178.4167,19.96,95,97,2.84,RU,2022-05-07 18:04:11
200,Kiama,-34.6833,150.8667,57.38,59,0,13.0,AU,2022-05-07 18:04:11
201,Hovd,48.0056,91.6419,61.7,27,98,7.81,MN,2022-05-07 18:04:12
202,Carnarvon,-24.8667,113.6333,75.29,49,21,8.5,AU,2022-05-07 18:01:46
203,Izhma,65.0083,53.9113,39.38,95,87,7.09,RU,2022-05-07 18:04:13
204,Mackay,-21.15,149.2,73.69,89,98,15.14,AU,2022-05-07 18:04:13
205,Port Hedland,-20.3167,118.5667,71.65,68,2,6.91,AU,2022-05-07 18:04:14
206,Tiznit,29.5833,-9.5,83.21,16,49,9.06,MA,2022-05-07 18:04:14
207,Lompoc,34.6391,-120.4579,71.85,69,0,24.16,US,2022-05-07 18:04:15
208,Bundibugyo,0.7414,30.0417,70.81,75,68,3.51,UG,2022-05-07 18:04:15
209,Mahebourg,-20.4081,57.7,78.26,88,40,9.22,MU,2022-05-07 18:04:16
210,Los Angeles,34.0522,-118.2437,79.05,64,0,10.36,US,2022-05-07 18:01:53
211,Athabasca,54.7169,-113.2854,45.23,63,94,16.8,CA,2022-05-07 18:04:17
212,Latung,5.5,120.8833,82.94,79,97,5.86,PH,2022-05-07 18:04:17
213,Santa Lucia,27.9117,-15.5407,68.76,68,20,26.46,ES,2022-05-07 18:04:18
214,Vao,-22.6667,167.4833,74.35,61,44,20.24,NC,2022-05-07 18:04:18
215,Lima,-12.0432,-77.0282,73.38,80,62,1.01,PE,2022-05-07 18:00:56
216,Coolum Beach,-26.5333,153.1,66.22,91,92,8.7,AU,2022-05-07 18:04:19
217,Littleton,39.6133,-105.0166,87.15,14,95,11.01,US,2022-05-07 18:01:35
218,Berlevag,70.8578,29.0864,39.0,81,20,29.93,NO,2022-05-07 18:04:19
219,Pemangkat,1.1667,108.9667,78.96,87,100,3.89,ID,2022-05-07 18:04:20
220,Cockburn Town,21.4612,-71.1419,82.36,65,40,13.8,TC,2022-05-07 18:04:20
221,Amet,25.3,73.9333,88.5,16,3,6.6,IN,2022-05-07 18:04:21
222,Kaeo,-35.1,173.7833,52.32,95,93,4.16,NZ,2022-05-07 18:04:21
223,Biscarrosse,44.3945,-1.1672,64.35,68,0,12.66,FR,2022-05-07 18:04:22
224,Alofi,-19.0595,-169.9187,80.1,76,47,8.23,NU,2022-05-07 18:04:22
225,Tongliao,43.6125,122.2653,53.11,16,97,7.63,CN,2022-05-07 18:04:22
226,Ardesen,41.1911,40.9875,53.33,86,100,8.97,TR,2022-05-07 18:04:23
227,Palana,59.1167,159.9667,28.11,93,100,40.13,RU,2022-05-07 18:04:23
228,Husavik,66.0449,-17.3389,42.39,71,100,2.91,IS,2022-05-07 18:04:24
229,Kamyshla,54.1169,52.1426,47.35,54,25,2.37,RU,2022-05-07 18:04:24
230,Sitka,57.0531,-135.33,44.49,76,40,4.61,US,2022-05-07 18:05:25
231,Alekseyevka,50.6309,38.6903,49.17,59,53,5.21,RU,2022-05-07 18:05:25
232,Myrtle Beach,33.6891,-78.8867,77.05,58,100,14.97,US,2022-05-07 18:05:26
233,Teya,60.3778,92.6267,28.6,87,100,14.92,RU,2022-05-07 18:05:26
234,Solnechnyy,50.7214,136.6319,35.22,92,98,6.89,RU,2022-05-07 18:05:27
235,Cotonou,6.3654,2.4183,82.18,75,86,8.57,BJ,2022-05-07 18:05:28
236,Nemuro,43.3236,145.575,46.85,98,100,28.88,JP,2022-05-07 18:05:28
237,Kruisfontein,-34.0033,24.7314,56.88,83,100,9.08,ZA,2022-05-07 18:05:28
238,Dingle,10.9995,122.6711,78.85,85,26,8.93,PH,2022-05-07 18:05:29
239,Mackenzie,55.2999,-123.1698,41.22,81,100,2.3,CA,2022-05-07 18:05:29
240,Lixourion,38.2019,20.4314,64.4,88,40,0.0,GR,2022-05-07 18:05:30
241,Walvis Bay,-22.9575,14.5053,58.08,64,1,17.74,NA,2022-05-07 18:05:30
242,Catia La Mar,10.6038,-67.0303,86.2,89,75,6.91,VE,2022-05-07 18:05:30
243,Nyurba,63.2842,118.3319,34.43,94,99,5.68,RU,2022-05-07 18:05:31
244,Palmer,42.1584,-72.3287,54.91,43,75,18.41,US,2022-05-07 18:05:31
245,Honiara,-9.4333,159.95,78.04,89,81,5.97,SB,2022-05-07 18:05:32
246,Dukat,62.55,155.55,17.96,96,100,3.53,RU,2022-05-07 18:05:32
247,Cabo San Lucas,22.8909,-109.9124,90.7,37,0,5.75,MX,2022-05-07 18:05:32
248,Olinda,-8.0089,-34.8553,78.53,89,75,2.3,BR,2022-05-07 18:00:58
249,San Pedro,14.35,121.0167,84.34,75,20,5.75,PH,2022-05-07 18:05:33
250,Westport,41.1415,-73.3579,55.72,61,100,21.85,US,2022-05-07 18:04:10
251,Amahai,-3.3333,128.9167,79.9,86,83,3.96,ID,2022-05-07 18:05:33
252,Nanortalik,60.1432,-45.2371,39.97,73,100,5.77,GL,2022-05-07 18:02:30
253,Neftcala,39.3742,49.2472,58.17,83,100,14.88,AZ,2022-05-07 18:05:34
254,Jiuquan,39.7432,98.5174,58.46,24,100,15.3,CN,2022-05-07 18:05:34
255,Coutances,49.05,-1.4333,58.41,77,52,8.88,FR,2022-05-07 18:05:35
256,Simao,22.7886,100.9748,64.08,85,36,2.62,CN,2022-05-07 18:05:35
257,Morros,-9.4467,-46.3003,92.34,30,6,8.86,BR,2022-05-07 18:05:36
258,Kaitangata,-46.2817,169.8464,53.24,81,85,5.73,NZ,2022-05-07 18:03:16
259,Berdigestyakh,62.0989,126.6992,35.06,99,100,5.39,RU,2022-05-07 18:05:36
260,Katangli,51.7102,143.2326,30.79,94,100,7.27,RU,2022-05-07 18:05:36
261,Juneau,58.3019,-134.4197,46.85,83,75,9.22,US,2022-05-07 18:05:37
262,Victoria,22.2855,114.1577,77.38,78,99,5.01,HK,2022-05-07 18:01:23
263,Kavieng,-2.5744,150.7967,82.63,78,65,17.98,PG,2022-05-07 18:05:37
264,Mogadouro,41.3403,-6.7119,70.81,29,94,3.56,PT,2022-05-07 18:05:38
265,Mount Gambier,-37.8333,140.7667,50.47,84,68,4.52,AU,2022-05-07 18:05:38
266,Gravelbourg,49.8834,-106.5512,48.63,77,100,19.17,CA,2022-05-07 18:05:39
267,Oktyabrskiy,54.4815,53.471,46.85,58,44,2.3,RU,2022-05-07 18:05:39
268,Alpena,45.0617,-83.4327,55.72,37,0,9.22,US,2022-05-07 18:05:39
269,Goderich,43.7501,-81.7165,49.91,53,0,7.7,CA,2022-05-07 18:05:40
270,Olavarria,-36.8927,-60.3225,70.02,65,71,13.82,AR,2022-05-07 18:05:40
271,Sainte-Anne-Des-Monts,49.124,-66.4924,35.4,57,15,0.87,CA,2022-05-07 18:05:41
272,Luzhou,28.8724,105.4405,74.75,74,5,4.9,CN,2022-05-07 18:05:41
273,Lagos,6.5833,3.75,78.67,81,98,3.91,NG,2022-05-07 18:03:47
274,Ambilobe,-13.2,49.05,74.59,84,26,5.19,MG,2022-05-07 18:06:42
275,Touros,-5.1989,-35.4608,79.09,86,92,12.82,BR,2022-05-07 18:05:31
276,Waddan,29.1614,16.139,79.36,21,0,8.7,LY,2022-05-07 18:06:42
277,Berbera,10.4396,45.0143,85.86,71,65,2.13,SO,2022-05-07 18:02:37
278,Eyl,7.9803,49.8164,83.84,78,40,15.39,SO,2022-05-07 18:06:43
279,Sorong,-0.8833,131.25,79.92,84,74,3.62,ID,2022-05-07 18:06:43
280,Batemans Bay,-35.7167,150.1833,51.1,73,1,6.38,AU,2022-05-07 18:06:43
281,Melito Di Porto Salvo,37.9222,15.7714,65.14,68,75,11.5,IT,2022-05-07 18:02:52
282,Hualmay,-11.0964,-77.6139,70.99,73,15,13.04,PE,2022-05-07 18:06:44
283,Udachnyy,66.4167,112.4,30.49,99,100,5.68,RU,2022-05-07 18:06:44
284,Mabamba,-3.5983,30.5019,66.42,81,78,2.53,TZ,2022-05-07 18:06:45
285,Chumikan,54.7183,135.315,29.14,83,6,9.17,RU,2022-05-07 18:06:45
286,Puerto Maldonado,-12.6,-69.1833,84.6,51,40,4.61,PE,2022-05-07 18:06:46
287,Coahuayana,18.7333,-103.6833,90.3,41,79,8.05,MX,2022-05-07 18:06:46
288,Yumen,40.2833,97.2,54.25,24,78,8.03,CN,2022-05-07 18:06:46
289,Bagotville,-28.9833,153.4167,62.85,99,100,10.09,AU,2022-05-07 18:06:47
290,Cap-Aux-Meules,47.3821,-61.8597,33.55,71,22,15.43,CA,2022-05-07 18:06:48
291,Mulege,26.8833,-111.9833,90.16,24,0,5.55,MX,2022-05-07 18:06:48
292,Katsuura,35.1333,140.3,62.62,90,81,5.39,JP,2022-05-07 18:06:48
293,Duldurga,50.6761,113.5931,43.36,54,16,4.47,RU,2022-05-07 18:06:49
294,Poso,-1.3959,120.7524,78.69,90,100,6.49,ID,2022-05-07 18:06:49
295,Sitio Novo Do Tocantins,-5.5183,-47.4611,88.16,58,56,2.77,BR,2022-05-07 18:06:49
296,Arinos,-15.9169,-46.1056,87.82,43,48,4.74,BR,2022-05-07 18:02:31
297,Rehoboth,-23.3167,17.0833,58.3,29,0,10.09,NA,2022-05-07 18:06:50
298,Bereda,43.2686,-7.5406,68.41,63,89,5.61,ES,2022-05-07 18:06:51
299,Sotnikovskoye,45.0039,43.7772,48.0,70,100,1.61,RU,2022-05-07 18:06:51
300,Stornoway,58.2093,-6.3865,53.92,65,0,6.91,GB,2022-05-07 18:06:51
301,Ishigaki,24.3448,124.1572,77.86,83,91,0.65,JP,2022-05-07 18:06:52
302,Majene,-3.5403,118.9707,78.94,89,93,4.56,ID,2022-05-07 18:06:52
303,Tateyama,34.9833,139.8667,62.53,88,75,6.91,JP,2022-05-07 18:06:53
304,Antalaha,-14.9003,50.2788,75.36,89,30,4.79,MG,2022-05-07 18:06:53
305,Coos Bay,43.3665,-124.2179,52.0,88,100,14.97,US,2022-05-07 18:06:54
306,Romny,50.751,33.4747,51.78,68,99,5.86,UA,2022-05-07 18:06:54
307,Giyon,8.5333,37.9833,72.25,27,98,5.68,ET,2022-05-07 18:06:54
308,San Policarpo,12.1791,125.5072,80.92,84,36,13.58,PH,2022-05-07 18:06:55
309,Maldonado,-34.6667,-54.9167,69.22,52,0,4.34,UY,2022-05-07 18:02:15
310,Bedong,5.7274,100.5088,77.22,94,100,1.7,MY,2022-05-07 18:06:55
311,Sorland,67.667,12.6934,37.78,59,100,25.99,NO,2022-05-07 18:06:56
312,Vila Franca Do Campo,37.7167,-25.4333,66.61,90,100,1.97,PT,2022-05-07 18:06:56
313,Ola,59.5833,151.2833,30.74,98,100,10.0,RU,2022-05-07 18:06:56
314,San Andres,12.5847,-81.7006,87.82,74,20,6.91,CO,2022-05-07 18:04:14
315,Fort Nelson,58.8053,-122.7002,40.59,65,100,19.57,CA,2022-05-07 18:02:17
316,Chamba,32.5667,76.1333,72.59,47,45,8.03,IN,2022-05-07 18:06:57
317,Nueva Germania,-23.9,-56.5667,84.85,29,23,3.0,PY,2022-05-07 18:06:58
318,Cayenne,4.9333,-52.3333,82.44,1,75,6.91,GF,2022-05-07 18:06:58
319,Deputatskiy,69.3,139.9,-3.77,99,76,6.2,RU,2022-05-07 18:06:22
320,Sorbhog,26.5,90.8667,78.04,76,43,5.23,IN,2022-05-07 18:06:59
321,Ayr,55.4627,-4.6339,61.5,67,20,2.3,GB,2022-05-07 18:07:59
322,Atar,20.5169,-13.0499,103.62,10,1,12.1,MR,2022-05-07 18:08:00
323,Pokosnoye,55.5258,101.0536,47.46,43,100,13.51,RU,2022-05-07 18:08:00
324,Victor Harbor,-35.5667,138.6167,53.01,92,17,1.68,AU,2022-05-07 18:08:00
325,Ipixuna,-1.7625,-48.8043,82.4,86,51,5.88,BR,2022-05-07 18:08:01
326,Chokurdakh,70.6333,147.9167,14.68,95,99,11.3,RU,2022-05-07 18:08:01
327,Krasnoselkup,65.7,82.4667,9.37,90,64,17.83,RU,2022-05-07 18:08:02
328,Rawson,-43.3002,-65.1023,76.78,28,24,14.36,AR,2022-05-07 18:08:02
329,Kupang,-10.1667,123.5833,79.84,81,32,13.22,ID,2022-05-07 18:08:03
330,Dunedin,-45.8742,170.5036,61.81,57,100,5.35,NZ,2022-05-07 18:08:03
331,Bilma,18.6853,12.9164,97.14,12,91,5.41,NE,2022-05-07 18:08:03
332,Mongo,12.1844,18.693,96.44,24,99,8.75,TD,2022-05-07 18:08:04
333,Puerto Escondido,15.85,-97.0667,89.24,46,97,5.53,MX,2022-05-07 18:08:04
334,Srednekolymsk,67.45,153.6833,21.07,96,98,7.74,RU,2022-05-07 18:08:05
335,Casper,42.8666,-106.3131,64.72,30,100,26.46,US,2022-05-07 18:08:05
336,Saint-Pierre,-21.3393,55.4781,73.08,78,75,5.75,RE,2022-05-07 18:08:06
337,Chippewa Falls,44.9369,-91.3929,69.98,31,0,14.97,US,2022-05-07 18:08:06
338,Rio Grande,-32.035,-52.0986,77.11,61,0,5.84,BR,2022-05-07 18:06:31
339,Grindavik,63.8424,-22.4338,46.87,71,75,23.02,IS,2022-05-07 18:08:07
340,Pimampiro,0.4,-77.9667,73.99,53,16,6.22,EC,2022-05-07 18:08:07
341,Miles City,46.4083,-105.8406,68.97,40,0,27.63,US,2022-05-07 18:08:07
342,Borogontsy,62.6683,131.1683,28.08,92,100,3.85,RU,2022-05-07 18:08:08
343,Nelson Bay,-32.7167,152.15,53.01,82,99,1.99,AU,2022-05-07 18:08:08
344,Mindelo,16.8901,-24.9804,74.75,60,75,27.63,CV,2022-05-07 18:06:16
345,Del Rio,29.3627,-100.8968,99.23,43,0,10.36,US,2022-05-07 18:08:09
346,Oranjemund,-28.55,16.4333,57.02,83,0,16.35,NA,2022-05-07 18:08:09
347,Nkoteng,4.5167,12.0333,72.9,94,100,5.19,CM,2022-05-07 18:08:10
348,Coxim,-18.5067,-54.76,88.25,19,0,3.71,BR,2022-05-07 18:08:10
349,Vestnes,62.6264,7.0884,42.96,52,100,18.41,NO,2022-05-07 18:08:11
350,Monchique,37.3177,-8.5553,68.74,43,47,8.23,PT,2022-05-07 18:08:12
351,Amapa,1.0,-52.0,79.48,94,88,3.94,BR,2022-05-07 18:08:12
352,Klaksvik,62.2266,-6.589,47.32,67,98,3.42,FO,2022-05-07 18:08:12
353,Maniitsoq,65.4167,-52.9,32.59,72,22,10.54,GL,2022-05-07 18:08:13
354,Whitehorse,60.7161,-135.0538,37.81,86,93,1.01,CA,2022-05-07 18:06:27
355,Nome,64.5011,-165.4064,32.16,86,100,20.71,US,2022-05-07 18:05:44
356,Oskarshamn,57.2645,16.4484,46.98,83,86,12.97,SE,2022-05-07 18:08:14
357,East London,-33.0153,27.9116,64.13,91,98,6.64,ZA,2022-05-07 18:08:14
358,Arlit,18.7369,7.3853,98.55,11,100,9.82,NE,2022-05-07 18:08:15
359,Gualeguaychu,-33.0094,-58.5172,74.89,61,6,9.51,AR,2022-05-07 18:08:15
360,Caceres,39.522,-6.3748,76.8,30,67,2.77,ES,2022-05-07 18:08:15
361,Umea,63.8284,20.2597,46.33,39,0,18.41,SE,2022-05-07 18:08:16
362,San Javier,37.8063,-0.8374,74.46,59,0,6.91,ES,2022-05-07 18:04:11
363,Matara,5.9485,80.5353,79.74,91,51,9.04,LK,2022-05-07 18:08:16
364,Coquimbo,-29.9533,-71.3436,56.93,88,100,4.61,CL,2022-05-07 18:08:17
365,Palembang,-2.9167,104.7458,77.09,94,75,0.0,ID,2022-05-07 18:08:17
366,Komsomolskiy,40.4272,71.7189,77.97,35,0,4.05,UZ,2022-05-07 18:08:18
367,Pareora,-44.4871,171.2132,53.19,86,93,5.91,NZ,2022-05-07 18:08:18
368,Hofn,64.2539,-15.2082,43.97,74,54,14.88,IS,2022-05-07 18:09:19
369,Viedma,-40.8135,-62.9967,76.96,25,37,20.36,AR,2022-05-07 18:09:19
370,Placido De Castro,-10.3353,-67.1856,90.43,40,8,4.79,BR,2022-05-07 18:09:20
371,Yarada,17.65,83.2667,82.72,65,75,2.3,IN,2022-05-07 18:09:20
372,Yanahuanca,-10.5167,-76.4986,51.26,40,4,9.4,PE,2022-05-07 18:09:21
373,Ornskoldsvik,63.2909,18.7153,43.75,49,62,14.97,SE,2022-05-07 18:09:21
374,Bo Phloi,14.3236,99.5161,82.31,86,100,1.16,TH,2022-05-07 18:09:22
375,Port-Gentil,-0.7193,8.7815,80.56,83,20,2.3,GA,2022-05-07 18:08:45
376,Ust-Tsilma,65.441,52.1498,39.25,95,63,6.13,RU,2022-05-07 18:09:22
377,Salalah,17.0151,54.0924,81.12,80,2,7.16,OM,2022-05-07 18:09:23
378,Dingli,35.8614,14.3822,63.81,82,40,8.05,MT,2022-05-07 18:05:06
379,Karratha,-20.7377,116.8463,75.81,68,11,7.16,AU,2022-05-07 18:09:23
380,Ixtapa,20.7,-105.2,79.83,65,0,11.5,MX,2022-05-07 18:09:24
381,Fasa,28.9383,53.6482,70.0,35,82,9.55,IR,2022-05-07 18:09:24
382,Clyde River,70.4692,-68.5914,27.1,66,100,3.02,CA,2022-05-07 18:08:21
383,Dembi Dolo,8.5333,34.8,63.52,78,80,3.51,ET,2022-05-07 18:09:24
384,Dwarka,22.2394,68.9678,82.47,74,0,14.07,IN,2022-05-07 18:09:25
385,Morro Bay,35.3658,-120.8499,76.21,63,24,11.01,US,2022-05-07 18:09:26
386,Ugoofaaru,5.6667,73.0,85.24,70,98,12.37,MV,2022-05-07 18:09:26
387,Kamenka,51.3223,42.7678,46.02,53,4,7.45,RU,2022-05-07 18:06:20
388,Lipari,38.4674,14.954,65.1,80,85,6.76,IT,2022-05-07 18:09:27
389,Rapid Valley,44.0625,-103.1463,82.44,27,0,14.97,US,2022-05-07 18:09:12
390,Iraray,8.9936,118.0511,80.22,83,66,5.1,PH,2022-05-07 18:09:27
391,Korcula,42.9622,17.1369,65.66,69,66,4.36,HR,2022-05-07 18:09:28
392,Sobolevo,54.4299,31.8996,51.73,75,96,11.16,RU,2022-05-07 18:09:28
393,Yasinya,48.2794,24.3604,51.01,94,99,2.66,UA,2022-05-07 18:09:28
394,Quartucciu,39.2519,9.1794,64.04,83,75,9.22,IT,2022-05-07 18:09:29
395,La Paz,-16.5,-68.15,60.78,38,20,5.75,BO,2022-05-07 18:09:00
396,Lavrentiya,65.5833,-171.0,22.73,99,82,4.9,RU,2022-05-07 18:09:29
397,Lazaro Cardenas,17.9583,-102.2,84.72,54,84,10.02,MX,2022-05-07 18:09:20
398,Broome,42.2506,-75.833,56.17,38,0,11.5,US,2022-05-07 18:05:01
399,Majur,44.7697,19.6544,64.98,56,100,9.42,RS,2022-05-07 18:09:30
400,Ostrovnoy,68.0531,39.5131,40.39,99,100,18.43,RU,2022-05-07 18:09:30
401,Basoko,1.2391,23.616,78.06,69,92,2.95,CD,2022-05-07 18:09:31
402,Ndioum,16.5129,-14.6471,108.93,8,5,11.95,SN,2022-05-07 18:09:31
403,Kshenskiy,51.8408,37.7136,49.57,61,98,7.2,RU,2022-05-07 18:09:32
404,Pisco,-13.7,-76.2167,69.85,78,29,11.5,PE,2022-05-07 18:06:25
405,Vadnais Heights,45.0575,-93.0738,73.33,35,0,19.57,US,2022-05-07 18:09:32
406,Gat,31.61,34.7642,65.8,24,19,5.48,IL,2022-05-07 18:07:46
407,Palampur,32.1167,76.5333,68.58,46,34,7.74,IN,2022-05-07 18:09:33
408,Beaupre,47.0443,-70.8953,53.55,62,22,11.23,CA,2022-05-07 18:09:33
409,Nogliki,51.8333,143.1667,30.6,98,100,6.06,RU,2022-05-07 18:09:34
410,Yatou,37.15,122.3833,52.14,40,89,8.25,CN,2022-05-07 18:10:34
411,Ahome,25.9167,-109.1833,85.95,23,0,9.42,MX,2022-05-07 18:10:34
412,Rio Gallegos,-51.6226,-69.2181,59.05,33,0,33.38,AR,2022-05-07 18:10:35
413,Culebra,18.303,-65.301,87.84,75,12,13.6,PR,2022-05-07 18:10:35
414,Killarney,52.05,-9.5167,62.65,77,0,6.91,IE,2022-05-07 18:10:36
415,Antofagasta,-23.65,-70.4,63.68,71,37,8.43,CL,2022-05-07 18:10:36
416,Santa Maria Do Suacui,-18.1903,-42.4142,79.03,61,82,5.44,BR,2022-05-07 18:10:36
417,Petropavlovsk-Kamchatskiy,53.0452,158.6483,36.19,93,0,6.71,RU,2022-05-07 18:06:28
418,Dakar,14.6937,-17.4441,85.08,78,7,18.68,SN,2022-05-07 18:07:49
419,Vokhma,58.9303,46.7586,47.12,70,37,7.07,RU,2022-05-07 18:10:37
420,Kerman,30.2832,57.0788,67.86,37,0,9.22,IR,2022-05-07 18:10:37
421,Mwinilunga,-11.7358,24.4293,67.73,62,99,2.77,ZM,2022-05-07 18:10:38
422,Ngunguru,-35.6167,174.5,56.7,83,74,3.89,NZ,2022-05-07 18:10:38
423,The Valley,18.217,-63.0578,81.82,72,11,12.17,AI,2022-05-07 18:10:39
424,Sept-Iles,50.2001,-66.3821,40.77,57,14,3.62,CA,2022-05-07 18:10:39
425,Namibe,-15.1961,12.1522,73.15,71,37,6.69,AO,2022-05-07 18:07:42
426,Bandarbeyla,9.4942,50.8122,82.65,86,21,12.17,SO,2022-05-07 18:10:40
427,Fort Wellington,6.4,-57.6,78.39,85,100,0.56,GY,2022-05-07 18:10:40
428,Chicama,-7.8447,-79.1469,61.34,61,11,10.56,PE,2022-05-07 18:10:40
429,Half Moon Bay,37.4636,-122.4286,66.54,67,100,24.16,US,2022-05-07 18:10:04
430,Pochutla,15.7432,-96.4661,91.81,33,99,6.91,MX,2022-05-07 18:10:41
431,Fuling,29.7022,107.3919,69.39,82,66,4.18,CN,2022-05-07 18:10:41
432,Behbahan,30.5959,50.2417,82.85,29,38,2.62,IR,2022-05-07 18:10:42
433,Fernandez,-27.9204,-63.8935,80.83,37,95,11.05,AR,2022-05-07 18:10:42
434,Sidhi,24.4167,81.8833,88.72,24,0,6.06,IN,2022-05-07 18:10:42
435,Daru,-9.0763,143.2092,79.65,90,50,11.81,PG,2022-05-07 18:10:43
436,Mareeba,-17.0,145.4333,72.45,90,87,2.66,AU,2022-05-07 18:10:43
437,Zhigalovo,54.8097,105.1578,51.17,59,100,4.34,RU,2022-05-07 18:10:44
438,Ancud,-41.8697,-73.8203,55.18,89,100,19.08,CL,2022-05-07 18:10:44
439,Ales,44.1333,4.0833,74.48,48,70,8.14,FR,2022-05-07 18:10:44
440,Guerrero Negro,27.9769,-114.0611,67.42,61,27,13.06,MX,2022-05-07 18:09:55
441,Koutiala,12.3917,-5.4642,92.46,30,51,15.46,ML,2022-05-07 18:10:45
442,Vieux Fort,13.7167,-60.95,85.77,70,20,13.8,LC,2022-05-07 18:10:45
443,Ouadda,8.0777,22.4007,75.79,69,100,2.91,CF,2022-05-07 18:10:46
444,Raudeberg,61.9875,5.1352,41.86,70,42,3.94,NO,2022-05-07 18:10:46
445,Kui Buri,12.0828,99.8543,81.99,89,100,6.24,TH,2022-05-07 18:10:46
446,Vezirkopru,41.1436,35.4547,52.29,87,98,3.02,TR,2022-05-07 18:10:47
447,Ilulissat,69.2167,-51.1,26.62,68,0,5.75,GL,2022-05-07 18:10:47
448,Hambantota,6.1241,81.1185,81.54,81,79,13.96,LK,2022-05-07 18:10:48
449,Horn,51.8715,8.9451,62.74,66,98,7.81,DE,2022-05-07 18:10:48
450,Vostok,46.4856,135.8833,31.42,95,100,3.78,RU,2022-05-07 18:10:48
451,Banmankhi,25.8833,87.1833,84.79,56,35,9.64,IN,2022-05-07 18:10:49
452,Ambon,-3.6954,128.1814,77.14,94,40,2.3,ID,2022-05-07 18:10:49
453,Talnakh,69.4865,88.3972,11.21,80,20,14.18,RU,2022-05-07 18:10:50
454,Vanavara,60.34,102.2797,33.64,75,52,17.11,RU,2022-05-07 18:11:50
455,Yulara,-25.2406,130.9889,44.78,58,0,9.69,AU,2022-05-07 18:11:50
456,Novyy Urengoy,66.0833,76.6333,4.32,98,13,7.52,RU,2022-05-07 18:11:32
457,Port Blair,11.6667,92.75,81.9,83,100,19.73,IN,2022-05-07 18:11:51
458,Teseney,15.11,36.6575,92.77,24,62,18.63,ER,2022-05-07 18:11:51
459,Jasper,37.2001,-94.3502,72.55,54,0,12.66,US,2022-05-07 18:11:52
460,Khani,41.9563,42.9566,44.17,98,100,3.0,GE,2022-05-07 18:11:52
461,Muroto,33.2833,134.15,65.5,80,18,11.63,JP,2022-05-07 18:11:53
462,Portland,45.5234,-122.6762,51.96,82,100,9.22,US,2022-05-07 18:09:08
463,Nago,26.5881,127.9761,75.63,95,91,8.66,JP,2022-05-07 18:11:53
464,Yeppoon,-23.1333,150.7333,65.98,84,98,9.53,AU,2022-05-07 18:11:53
465,Sinop,41.7711,34.8709,43.39,92,100,6.17,TR,2022-05-07 18:11:54
466,Tilichiki,60.4667,166.1,30.43,98,100,4.12,RU,2022-05-07 18:11:54
467,West Wendover,40.7391,-114.0733,63.61,19,0,19.57,US,2022-05-07 18:11:47
468,Plerin,48.5425,-2.7798,57.52,80,0,9.22,FR,2022-05-07 18:11:55
469,Sernur,56.9333,49.1536,45.14,69,37,8.57,RU,2022-05-07 18:11:55
470,Avera,33.194,-82.5271,71.11,51,58,13.67,US,2022-05-07 18:11:55
471,Ballina,-28.8667,153.5667,63.01,99,100,11.3,AU,2022-05-07 18:09:38
472,Kamaishi,39.2667,141.8833,52.43,83,100,8.61,JP,2022-05-07 18:11:56
473,Tucuman,-26.8241,-65.2226,75.2,46,20,3.44,AR,2022-05-07 18:11:57
474,Ewa Beach,21.3156,-158.0072,75.15,69,75,11.99,US,2022-05-07 18:11:57
475,Tyazhinskiy,56.116,88.524,32.32,50,63,19.28,RU,2022-05-07 18:11:57
476,Bellary,15.15,76.9333,90.23,42,68,11.01,IN,2022-05-07 18:11:58
477,Ankpa,7.3706,7.6253,84.56,60,64,7.58,NG,2022-05-07 18:11:58
478,Bulaevo,54.9056,70.4439,41.41,39,2,7.61,KZ,2022-05-07 18:11:59
479,Tura,25.5198,90.2201,73.13,78,3,3.62,IN,2022-05-07 18:11:59
480,Unecha,52.8459,32.6739,52.32,73,99,10.16,RU,2022-05-07 18:12:00
481,Tucumcari,35.1717,-103.725,94.95,7,0,24.16,US,2022-05-07 18:12:00
482,Trento,46.0679,11.1211,63.19,87,100,1.01,IT,2022-05-07 18:12:01
483,Kamina,-8.7386,24.9906,67.96,74,73,3.31,CD,2022-05-07 18:12:01
484,Meadow Lake,34.8014,-106.5436,84.7,9,57,12.82,US,2022-05-07 18:12:02
485,Aksarka,66.5606,67.7975,19.76,94,31,7.9,RU,2022-05-07 18:12:03
486,Tukuyu,-9.25,33.65,59.83,96,61,2.39,TZ,2022-05-07 18:12:03
487,Bocana De Paiwas,12.7857,-85.1227,86.23,60,84,5.75,NI,2022-05-07 18:12:03
488,Soe,-9.8607,124.284,67.15,94,56,4.36,ID,2022-05-07 18:12:04
489,Asosa,10.0667,34.5333,70.95,67,92,1.9,ET,2022-05-07 18:12:04
490,Boddam,57.4667,-1.7833,52.43,71,59,5.03,GB,2022-05-07 18:12:05
491,Acapulco,16.8634,-99.8901,84.02,65,100,6.91,MX,2022-05-07 18:09:39
492,Taoudenni,22.6783,-3.9836,99.41,8,1,11.61,ML,2022-05-07 18:08:18
493,El Paso,31.8001,-106.2005,87.69,8,0,19.57,US,2022-05-07 18:09:10
494,Kondinskoye,59.6481,67.41,38.82,95,97,7.76,RU,2022-05-07 18:12:06
495,Qaqortoq,60.7167,-46.0333,42.17,69,100,4.61,GL,2022-05-07 18:10:35
496,Bara,10.3744,10.7288,93.99,28,87,9.6,NG,2022-05-07 18:12:06
497,Manali,13.1667,80.2667,87.89,88,92,2.08,IN,2022-05-07 18:12:07
498,Itarema,-2.9248,-39.9167,82.44,77,85,12.12,BR,2022-05-07 18:12:07
499,Andenes,69.3143,16.1194,33.78,86,75,19.57,NO,2022-05-07 18:12:07
500,Batticaloa,7.7102,81.6924,82.72,77,94,6.64,LK,2022-05-07 18:12:08
501,Ahipara,-35.1667,173.1667,56.41,84,80,3.31,NZ,2022-05-07 18:12:09
502,Awbari,26.5921,12.7805,83.39,15,1,12.62,LY,2022-05-07 18:08:38
503,Pontianak,-0.0333,109.3333,75.18,100,75,2.3,ID,2022-05-07 18:13:09
504,Brae,60.3964,-1.353,46.02,61,53,10.42,GB,2022-05-07 18:13:10
505,Darhan,49.4867,105.9228,45.25,65,2,7.52,MN,2022-05-07 18:13:11
506,Flagstaff,35.1981,-111.6513,74.52,21,0,26.46,US,2022-05-07 18:13:11
507,Tome,-36.6167,-72.95,56.01,61,3,9.64,CL,2022-05-07 18:11:23
508,Turan,16.0678,108.2208,78.78,89,40,1.14,VN,2022-05-07 18:13:12
509,Tsivilsk,55.8611,47.4664,52.81,61,27,7.61,RU,2022-05-07 18:13:12
510,El Campo,29.1966,-96.2697,89.89,58,75,11.5,US,2022-05-07 18:13:13
511,La Orilla,17.9833,-102.2333,84.69,55,76,10.65,MX,2022-05-07 18:13:14
512,Merauke,-8.4667,140.3333,78.28,92,50,10.25,ID,2022-05-07 18:13:14
513,Alekseyevsk,57.8406,108.3492,50.88,79,100,13.98,RU,2022-05-07 18:13:14
514,Muscat,23.6139,58.5922,87.82,55,0,6.76,OM,2022-05-07 18:10:42
515,Black River,18.0264,-77.8487,84.76,66,8,16.98,JM,2022-05-07 18:13:15
516,Nuuk,64.1835,-51.7216,34.41,69,0,12.66,GL,2022-05-07 18:13:16
517,Benjamin Constant,-4.3831,-70.0311,78.93,88,75,2.3,BR,2022-05-07 18:13:16
518,Powell,40.1578,-83.0752,59.34,76,100,13.8,US,2022-05-07 18:13:17
519,Nador,35.174,-2.9287,71.67,68,0,4.61,MA,2022-05-07 18:13:17
520,Byron Bay,-28.65,153.6167,62.94,91,99,8.34,AU,2022-05-07 18:13:18
521,Tual,-5.6667,132.75,84.99,76,52,19.15,ID,2022-05-07 18:10:23
522,Kukushtan,57.6464,56.4952,46.02,72,49,6.98,RU,2022-05-07 18:13:18
523,Bontang,0.1333,117.5,79.03,88,100,4.52,ID,2022-05-07 18:13:19
524,Oussouye,12.485,-16.5469,96.98,44,3,12.26,SN,2022-05-07 18:13:20
525,Campina Grande Do Sul,-25.3056,-49.0553,67.39,62,37,5.53,BR,2022-05-07 18:13:20
526,Kos,36.8933,27.2889,67.44,78,9,9.93,GR,2022-05-07 18:09:59
527,Surt,31.2089,16.5887,65.88,68,1,11.79,LY,2022-05-07 18:13:21
528,Verkhnevilyuysk,63.4453,120.3167,34.14,99,100,5.37,RU,2022-05-07 18:13:21
529,Bowen,-20.0167,148.2333,75.33,87,96,13.82,AU,2022-05-07 18:13:22
530,Baruun-Urt,46.6806,113.2792,39.31,37,63,7.02,MN,2022-05-07 18:13:22
531,College,64.8569,-147.8028,42.58,95,100,0.0,US,2022-05-07 18:13:22
532,Pangody,65.85,74.4859,5.09,96,7,4.34,RU,2022-05-07 18:09:47
533,Nova Vicosa,-17.8919,-39.3719,75.63,85,89,16.75,BR,2022-05-07 18:13:23
534,Yar-Sale,66.8333,70.8333,15.37,94,31,8.72,RU,2022-05-07 18:13:24
535,Luanda,-8.8368,13.2343,78.8,89,20,5.75,AO,2022-05-07 18:13:24
536,Bubaque,11.2833,-15.8333,77.97,75,1,13.62,GW,2022-05-07 18:13:25
