City_ID,City,Country,Date,Lat,Lng,Max Temp,Humidity,Cloudiness,Wind Speed,Current Description,Rain inches (last 3 hrs),Snow inches (last 3 hrs)
0,rikitea,PF,2022-06-02 21:59:15,-23.1203,-134.9692,77.29,79,76,16.91,broken clouds,0.0,0
1,celestun,MX,2022-06-02 21:59:15,20.8667,-90.4,81.3,74,100,17.85,overcast clouds,0.0,0
2,ushuaia,AR,2022-06-02 21:56:23,-54.8,-68.3,33.46,69,0,2.3,clear sky,0.0,0
3,butaritari,KI,2022-06-02 21:59:16,3.0707,172.7902,81.01,67,23,3.96,few clouds,0.0,0
4,bethel,US,2022-06-02 21:55:12,41.3712,-73.414,70.77,91,100,5.75,overcast clouds,0.0,0
5,thompson,CA,2022-06-02 21:55:07,55.7435,-97.8558,41.16,87,100,14.97,overcast clouds,0.0,0
6,tahta,EG,2022-06-02 21:59:17,26.7693,31.5021,82.38,25,0,4.36,clear sky,0.0,0
7,tibiri,NE,2022-06-02 21:59:17,13.5627,7.0485,89.04,11,1,7.11,clear sky,0.0,0
8,port hardy,CA,2022-06-02 21:59:18,50.6996,-127.4199,57.38,88,75,4.61,broken clouds,0.0,0
9,puerto ayora,EC,2022-06-02 21:59:18,-0.7393,-90.3518,78.76,90,96,4.0,overcast clouds,0.0,0
10,zheshart,RU,2022-06-02 21:59:18,62.0731,49.5733,55.42,89,27,3.47,scattered clouds,0.0,0
11,moses lake,US,2022-06-02 21:59:19,47.1301,-119.2781,78.89,34,100,5.41,overcast clouds,0.0,0
12,geraldton,AU,2022-06-02 21:55:12,-28.7667,114.6,48.61,93,0,9.22,clear sky,0.0,0
13,qaanaaq,GL,2022-06-02 21:59:19,77.484,-69.3632,30.97,84,96,9.78,overcast clouds,0.0,0
14,westport,US,2022-06-02 21:59:19,41.1415,-73.3579,71.28,94,100,7.0,mist,0.0,0
15,albany,US,2022-06-02 21:58:51,42.6001,-73.9662,76.64,62,100,2.89,overcast clouds,0.0,0
16,presidencia roque saenz pena,AR,2022-06-02 21:59:20,-26.7852,-60.4388,50.63,62,1,6.64,clear sky,0.0,0
17,castro,BR,2022-06-02 21:57:39,-24.7911,-50.0119,56.07,99,100,2.84,light rain,0.0,0
18,saint george,US,2022-06-02 21:58:32,37.1041,-113.5841,97.63,8,0,10.0,clear sky,0.0,0
19,borkenes,NO,2022-06-02 21:59:21,68.774,16.1739,58.78,100,37,4.27,scattered clouds,0.0,0
20,ribeira grande,PT,2022-06-02 21:58:53,38.5167,-28.7,64.76,92,78,5.73,broken clouds,0.0,0
21,hobart,AU,2022-06-02 21:55:03,-42.8794,147.3294,48.22,84,75,10.36,broken clouds,0.0,0
22,saldanha,ZA,2022-06-02 21:59:21,-33.0117,17.9442,48.25,77,0,7.34,clear sky,0.0,0
23,bambanglipuro,ID,2022-06-02 21:58:15,-7.95,110.2833,76.59,85,50,0.94,scattered clouds,0.0,0
24,tuktoyaktuk,CA,2022-06-02 21:59:22,69.4541,-133.0374,33.8,93,75,5.75,broken clouds,0.0,0
25,egvekinot,RU,2022-06-02 21:59:22,66.3167,-179.1667,35.94,79,64,8.79,broken clouds,0.0,0
26,plettenberg bay,ZA,2022-06-02 21:59:23,-34.0527,23.3716,54.19,83,39,4.76,scattered clouds,0.0,0
27,jamestown,US,2022-06-02 21:59:23,42.097,-79.2353,61.02,60,100,13.8,overcast clouds,0.0,0
28,vaini,TO,2022-06-02 21:56:14,-21.2,-175.2,80.76,78,75,6.91,broken clouds,0.0,0
29,rawson,AR,2022-06-02 21:59:24,-43.3002,-65.1023,48.06,38,58,21.88,broken clouds,0.0,0
30,xai-xai,MZ,2022-06-02 21:59:24,-25.0519,33.6442,65.12,81,3,4.41,clear sky,0.0,0
31,charlestown,AU,2022-06-02 21:59:24,-32.95,151.6667,45.73,92,90,5.01,overcast clouds,0.0,0
32,bluff,NZ,2022-06-02 21:59:25,-46.6,168.3333,47.8,74,100,15.17,overcast clouds,0.0,0
33,esperance,AU,2022-06-02 21:59:25,-33.8667,121.9,55.69,73,75,12.75,broken clouds,0.0,0
34,provideniya,RU,2022-06-02 21:59:25,64.3833,-173.3,41.11,81,0,4.47,clear sky,0.0,0
35,palana,RU,2022-06-02 21:59:26,59.1167,159.9667,43.56,64,15,6.33,few clouds,0.0,0
36,sao filipe,CV,2022-06-02 21:54:53,14.8961,-24.4956,77.74,68,34,11.68,scattered clouds,0.0,0
37,hermanus,ZA,2022-06-02 21:59:26,-34.4187,19.2345,49.8,76,1,7.49,clear sky,0.0,0
38,chokurdakh,RU,2022-06-02 21:59:27,70.6333,147.9167,38.05,67,68,7.02,broken clouds,0.0,0
39,kiama,AU,2022-06-02 21:56:30,-34.6833,150.8667,45.57,87,100,4.79,overcast clouds,0.0,0
40,port blair,IN,2022-06-02 21:59:27,11.6667,92.75,78.84,89,75,2.3,mist,0.0,0
41,rantepao,ID,2022-06-02 21:59:27,-2.9701,119.8978,62.29,89,43,3.29,scattered clouds,0.0,0
42,chuy,UY,2022-06-02 21:59:28,-33.6971,-53.4616,47.82,61,90,8.12,overcast clouds,0.0,0
43,ugoofaaru,MV,2022-06-02 21:59:28,5.6667,73.0,82.36,76,14,17.22,few clouds,0.0,0
44,saskylakh,RU,2022-06-02 21:59:28,71.9167,114.0833,37.13,93,97,2.95,overcast clouds,0.0,0
45,fasa,IR,2022-06-02 21:59:29,28.9383,53.6482,76.24,10,0,9.22,clear sky,0.0,0
46,kawalu,ID,2022-06-02 21:59:29,-7.3817,108.2082,69.98,97,51,1.43,broken clouds,0.0,0
47,dikson,RU,2022-06-02 21:59:29,73.5069,80.5464,28.4,88,100,29.82,overcast clouds,0.0,0
48,panzhihua,CN,2022-06-02 21:59:30,26.5851,101.7128,73.26,81,100,1.1,overcast clouds,0.0,0
49,anajatuba,BR,2022-06-02 21:59:30,-3.2644,-44.6197,75.2,93,100,1.23,overcast clouds,0.0,0
50,tateyama,JP,2022-06-02 21:59:30,34.9833,139.8667,74.1,82,32,13.35,scattered clouds,0.0,0
51,lysa hora,UA,2022-06-02 21:59:31,48.1706,31.1099,65.28,84,60,2.35,light rain,0.0,0
52,punta arenas,CL,2022-06-02 21:56:16,-53.15,-70.9167,37.51,81,20,16.11,few clouds,0.0,0
53,oktyabrskiy,RU,2022-06-02 21:59:31,54.4815,53.471,60.35,78,99,2.62,overcast clouds,0.0,0
54,bure,ET,2022-06-02 21:59:31,10.7,37.0667,61.45,72,83,4.79,broken clouds,0.0,0
55,bambous virieux,MU,2022-06-02 21:59:32,-20.3428,57.7575,75.45,69,40,8.05,scattered clouds,0.0,0
56,dingle,PH,2022-06-02 21:59:32,10.9995,122.6711,76.98,87,31,1.54,scattered clouds,0.0,0
57,mar del plata,AR,2022-06-02 21:55:14,-38.0023,-57.5575,45.95,66,0,2.3,clear sky,0.0,0
58,cape town,ZA,2022-06-02 21:55:02,-33.9258,18.4232,61.38,73,0,6.91,clear sky,0.0,0
59,ulverstone,AU,2022-06-02 21:59:33,-41.15,146.1667,51.3,82,100,11.65,moderate rain,0.0,0
60,mocuba,MZ,2022-06-02 21:59:33,-16.8392,36.9856,63.03,94,72,4.23,broken clouds,0.0,0
61,kapaa,US,2022-06-02 21:55:30,22.0752,-159.319,82.47,71,57,4.0,broken clouds,0.0,0
62,ahipara,NZ,2022-06-02 21:59:34,-35.1667,173.1667,59.29,70,45,18.39,scattered clouds,0.0,0
63,mataura,NZ,2022-06-02 21:59:34,-46.1927,168.8643,47.48,91,100,5.53,overcast clouds,0.0,0
64,nizhniy chir,RU,2022-06-02 21:59:34,48.3597,43.0865,65.68,54,9,8.79,clear sky,0.0,0
65,busselton,AU,2022-06-02 21:59:35,-33.65,115.3333,56.84,69,100,5.55,overcast clouds,0.0,0
66,yinchuan,CN,2022-06-02 21:59:35,38.4681,106.2731,76.26,33,99,5.28,overcast clouds,0.0,0
67,coihaique,CL,2022-06-02 21:59:35,-45.5752,-72.0662,32.61,90,100,3.76,overcast clouds,0.0,0
68,havoysund,NO,2022-06-02 21:59:36,70.9963,24.6622,48.43,67,45,9.89,scattered clouds,0.0,0
69,breznice,CZ,2022-06-02 21:59:36,49.5576,13.9506,59.07,81,66,4.41,broken clouds,0.0,0
70,xichang,CN,2022-06-02 21:59:36,27.8964,102.2634,67.15,97,100,1.39,overcast clouds,0.0,0
71,albury,AU,2022-06-02 21:59:37,-36.0833,146.9167,42.15,100,100,1.01,overcast clouds,0.0,0
72,bengkulu,ID,2022-06-02 21:59:37,-3.8004,102.2655,73.85,90,33,4.34,scattered clouds,0.0,0
73,arraial do cabo,BR,2022-06-02 21:59:37,-22.9661,-42.0278,73.36,88,75,13.8,broken clouds,0.0,0
74,lebu,CL,2022-06-02 21:59:38,-37.6167,-73.65,51.44,74,100,15.05,light rain,0.0,0
75,labuan,MY,2022-06-02 21:59:38,5.2767,115.2417,77.36,94,40,5.99,scattered clouds,0.0,0
76,saint-augustin,CA,2022-06-02 21:59:39,51.226,-58.6502,45.45,76,100,23.62,overcast clouds,0.0,0
77,vostok,RU,2022-06-02 21:59:39,46.4856,135.8833,46.71,88,100,1.1,overcast clouds,0.0,0
78,bredasdorp,ZA,2022-06-02 21:59:39,-34.5322,20.0403,50.11,86,4,4.05,clear sky,0.0,0
79,udgir,IN,2022-06-02 21:59:40,18.3833,77.1167,82.26,49,50,18.68,scattered clouds,0.0,0
80,atuona,PF,2022-06-02 21:59:40,-9.8,-139.0333,78.19,73,5,18.61,clear sky,0.0,0
81,bud,US,2022-06-02 21:59:40,39.447,-86.1758,77.02,55,100,10.85,overcast clouds,0.0,0
82,golden,US,2022-06-02 21:59:41,39.7555,-105.2211,73.29,50,39,5.99,scattered clouds,0.0,0
83,vardo,NO,2022-06-02 21:57:32,70.3705,31.1107,42.78,87,96,9.22,overcast clouds,0.0,0
84,juneau,US,2022-06-02 21:59:41,58.3019,-134.4197,78.84,27,1,4.38,clear sky,0.0,0
85,pevek,RU,2022-06-02 21:59:41,69.7008,170.3133,33.35,88,100,5.06,overcast clouds,0.0,0
86,roma,US,2022-06-02 21:59:42,43.2128,-75.4557,72.57,65,100,5.01,overcast clouds,0.0,0
87,fortuna,US,2022-06-02 21:59:42,40.5982,-124.1573,67.91,61,20,12.66,few clouds,0.0,0
88,acarau,BR,2022-06-02 21:59:42,-2.8856,-40.12,77.54,87,98,8.79,overcast clouds,0.0,0
89,mezen,RU,2022-06-02 21:59:43,65.8522,44.24,55.94,57,73,10.76,broken clouds,0.0,0
90,port alfred,ZA,2022-06-02 21:59:43,-33.5906,26.891,55.78,85,1,4.99,clear sky,0.0,0
91,douglas,US,2022-06-02 21:59:43,41.3,-96.167,81.95,27,0,11.5,clear sky,0.0,0
92,saint-philippe,RE,2022-06-02 21:59:44,-21.3585,55.7679,69.39,79,25,7.43,scattered clouds,0.0,0
93,pisco,PE,2022-06-02 21:59:44,-13.7,-76.2167,66.02,82,26,8.05,mist,0.0,0
94,morehead,US,2022-06-02 21:59:45,37.2711,-87.1764,79.86,62,75,4.61,broken clouds,0.0,0
95,ponta do sol,PT,2022-06-02 21:59:45,32.6667,-17.1,68.72,76,55,9.84,broken clouds,0.0,0
96,stephenville,US,2022-06-02 21:59:45,32.2207,-98.2023,83.77,55,40,6.91,scattered clouds,0.0,0
97,sao joao da barra,BR,2022-06-02 21:59:46,-21.6403,-41.0511,75.29,86,48,16.17,scattered clouds,0.0,0
98,kindersley,CA,2022-06-02 21:57:09,51.4668,-109.1682,68.02,18,20,13.8,few clouds,0.0,0
99,talnakh,RU,2022-06-02 21:59:46,69.4865,88.3972,34.21,88,75,5.73,broken clouds,0.0,0
100,north bend,US,2022-06-02 21:59:46,43.4065,-124.2243,74.25,84,58,1.01,broken clouds,0.0,0
101,susanville,US,2022-06-02 21:55:22,40.4163,-120.653,78.64,23,0,18.41,clear sky,0.0,0
102,tadine,NC,2022-06-02 21:59:47,-21.55,167.8833,74.3,67,100,9.24,overcast clouds,0.0,0
103,barrow,US,2022-06-02 21:59:47,71.2906,-156.7887,26.62,86,100,5.75,mist,0.0,0
104,hambantota,LK,2022-06-02 21:59:48,6.1241,81.1185,79.14,100,40,6.91,scattered clouds,0.0,0
105,carnarvon,AU,2022-06-02 21:59:48,-24.8667,113.6333,61.16,51,1,15.52,clear sky,0.0,0
106,walvis bay,NA,2022-06-02 21:59:48,-22.9575,14.5053,67.08,20,0,3.44,clear sky,0.0,0
107,yumen,CN,2022-06-02 21:59:49,40.2833,97.2,61.84,34,100,8.37,overcast clouds,0.0,0
108,soyo,AO,2022-06-02 21:59:49,-6.1349,12.3689,73.87,89,11,5.59,few clouds,0.0,0
109,altay,CN,2022-06-02 21:59:49,47.8667,88.1167,43.7,75,9,2.59,clear sky,0.0,0
110,maeriste,RO,2022-06-02 21:59:50,47.3167,22.8,60.42,88,33,2.21,scattered clouds,0.0,0
111,robertsport,LR,2022-06-02 21:59:50,6.7533,-11.3686,80.98,81,80,12.55,broken clouds,0.0,0
112,port keats,AU,2022-06-02 21:59:50,-14.25,129.55,76.06,85,59,3.78,broken clouds,0.0,0
113,motril,ES,2022-06-02 21:59:51,36.7507,-3.5179,74.26,58,51,6.64,broken clouds,0.0,0
114,san andres,CO,2022-06-02 21:59:13,12.5847,-81.7006,80.62,89,40,2.3,scattered clouds,0.0,0
115,roald,NO,2022-06-02 21:59:51,62.5833,6.1333,53.76,93,75,5.75,broken clouds,0.0,0
116,christchurch,NZ,2022-06-02 21:55:05,-43.5333,172.6333,51.91,76,75,10.36,broken clouds,0.0,0
117,san patricio,US,2022-06-02 21:59:51,28.017,-97.5169,93.29,42,28,18.3,scattered clouds,0.0,0
118,pacific grove,US,2022-06-02 21:59:52,36.6177,-121.9166,80.38,68,100,8.01,overcast clouds,0.0,0
119,karimganj,IN,2022-06-02 21:59:52,24.8667,92.35,76.42,94,96,2.08,light rain,0.0,0
120,coahuayana,MX,2022-06-02 21:59:52,18.7333,-103.6833,84.81,56,46,8.03,scattered clouds,0.0,0
121,otane,NZ,2022-06-02 21:59:53,-39.8833,176.6333,55.0,85,69,1.07,broken clouds,0.0,0
122,constitucion,CL,2022-06-02 21:54:59,-35.3333,-72.4167,52.09,80,100,9.26,overcast clouds,0.0,0
123,mahad,IN,2022-06-02 21:59:53,18.0833,73.4167,80.08,80,99,0.72,overcast clouds,0.0,0
124,mahebourg,MU,2022-06-02 21:54:55,-20.4081,57.7,75.49,69,40,8.05,scattered clouds,0.0,0
125,conceicao do mato dentro,BR,2022-06-02 21:59:54,-19.0372,-43.425,67.33,51,4,1.95,clear sky,0.0,0
126,simbahan,PH,2022-06-02 21:59:54,6.3032,120.5836,82.58,73,84,5.75,broken clouds,0.0,0
127,pekalongan,ID,2022-06-02 21:59:54,-6.8886,109.6753,77.22,82,78,5.26,broken clouds,0.0,0
128,petropavlovsk-kamchatskiy,RU,2022-06-02 21:59:55,53.0452,158.6483,48.79,71,75,2.24,broken clouds,0.0,0
129,comodoro rivadavia,AR,2022-06-02 21:59:55,-45.8667,-67.5,40.86,52,0,6.91,clear sky,0.0,0
130,sitio novo do tocantins,BR,2022-06-02 21:59:55,-5.5183,-47.4611,87.73,58,20,4.61,few clouds,0.0,0
131,sao jose da coroa grande,BR,2022-06-02 21:59:56,-8.8978,-35.1478,76.98,87,100,5.68,overcast clouds,0.0,0
132,hithadhoo,MV,2022-06-02 21:57:31,-0.6,73.0833,83.05,73,85,11.88,overcast clouds,0.0,0
133,north las vegas,US,2022-06-02 21:58:05,36.1989,-115.1175,102.31,6,4,7.0,clear sky,0.0,0
134,vao,NC,2022-06-02 21:59:56,-22.6667,167.4833,72.59,59,84,7.07,broken clouds,0.0,0
135,meulaboh,ID,2022-06-02 21:59:57,4.1363,96.1285,73.92,95,100,5.84,overcast clouds,0.0,0
136,laguna,US,2022-06-02 21:59:57,38.421,-121.4238,91.31,29,75,5.99,broken clouds,0.0,0
137,beloha,MG,2022-06-02 21:59:57,-25.1667,45.05,60.48,80,18,5.86,few clouds,0.0,0
138,hoshiarpur,IN,2022-06-02 21:59:58,31.5322,75.9172,86.38,14,10,6.4,clear sky,0.0,0
139,kaitangata,NZ,2022-06-02 21:59:58,-46.2817,169.8464,45.37,81,100,13.42,overcast clouds,0.0,0
140,new norfolk,AU,2022-06-02 21:59:58,-42.7826,147.0587,47.88,83,100,3.11,overcast clouds,0.0,0
141,kodiak,US,2022-06-02 21:59:59,57.79,-152.4072,60.39,48,18,3.85,few clouds,0.0,0
142,kaeo,NZ,2022-06-02 21:59:59,-35.1,173.7833,59.32,87,26,13.51,scattered clouds,0.0,0
143,kysyl-syr,RU,2022-06-02 21:59:59,63.8986,122.7617,58.62,79,23,5.99,few clouds,0.0,0
144,avarua,CK,2022-06-02 21:57:21,-21.2078,-159.775,77.05,65,20,17.27,few clouds,0.0,0
145,sitka,US,2022-06-02 22:00:00,57.0531,-135.33,55.29,76,75,3.44,mist,0.0,0
146,amudat,UG,2022-06-02 22:00:01,1.95,34.95,68.54,56,98,0.4,overcast clouds,0.0,0
147,ridgetown,CA,2022-06-02 21:59:20,42.4334,-81.8998,67.86,47,37,6.93,scattered clouds,0.0,0
148,hualmay,PE,2022-06-02 22:00:02,-11.0964,-77.6139,66.33,75,82,9.73,broken clouds,0.0,0
149,souillac,MU,2022-06-02 22:00:03,-20.5167,57.5167,72.21,76,8,9.42,clear sky,0.0,0
150,adrar,MR,2022-06-02 22:00:04,20.5022,-10.0711,93.04,20,100,18.61,overcast clouds,0.0,0
151,korla,CN,2022-06-02 22:00:06,41.7597,86.1469,67.8,36,6,15.75,clear sky,0.0,0
152,hovd,MN,2022-06-02 22:00:06,48.0056,91.6419,45.84,49,0,3.67,clear sky,0.0,0
153,camopi,GF,2022-06-02 22:00:07,3.1655,-52.3158,72.32,99,100,2.1,overcast clouds,0.0,0
154,georgetown,MY,2022-06-02 22:00:08,5.4112,100.3354,80.53,89,20,0.0,light rain,0.0,0
155,sawtell,AU,2022-06-02 22:00:09,-30.3833,153.1,54.19,76,75,1.14,broken clouds,0.0,0
156,cape coast,GH,2022-06-02 22:00:10,5.1053,-1.2466,79.84,85,64,11.05,broken clouds,0.0,0
157,tshane,BW,2022-06-02 22:00:11,-24.0196,21.8684,53.08,34,0,8.9,clear sky,0.0,0
158,kutum,SD,2022-06-02 21:58:55,14.2,24.6667,82.45,16,88,13.2,overcast clouds,0.0,0
159,hamilton,US,2022-06-02 22:00:00,39.1834,-84.5333,77.16,60,87,5.01,overcast clouds,0.0,0
160,ust-omchug,RU,2022-06-02 22:00:24,61.15,149.6333,53.17,71,38,3.67,scattered clouds,0.0,0
161,naushki,RU,2022-06-02 22:00:24,50.3828,106.1056,55.45,84,72,4.27,broken clouds,0.0,0
162,kalengwa,ZM,2022-06-02 22:00:24,-13.4659,25.0027,56.25,60,0,9.82,clear sky,0.0,0
163,najran,SA,2022-06-02 22:00:25,17.4924,44.1277,75.52,13,46,3.76,scattered clouds,0.0,0
164,nanortalik,GL,2022-06-02 22:00:26,60.1432,-45.2371,40.86,78,14,1.54,few clouds,0.0,0
165,waitati,NZ,2022-06-02 22:00:26,-45.75,170.5667,47.8,71,100,13.35,overcast clouds,0.0,0
166,sume,BR,2022-06-02 22:00:26,-7.6717,-36.88,72.79,85,100,7.0,overcast clouds,0.0,0
167,vrangel,RU,2022-06-02 22:00:27,42.7297,133.0839,49.95,94,100,9.1,overcast clouds,0.0,0
168,kahului,US,2022-06-02 22:00:27,20.8947,-156.47,80.96,88,7,11.99,clear sky,0.0,0
169,sawakin,SD,2022-06-02 22:00:27,19.1059,37.3321,86.0,41,3,4.68,clear sky,0.0,0
170,voineasa,RO,2022-06-02 22:00:28,44.2833,24.1333,70.2,78,0,4.61,clear sky,0.0,0
171,palimbang,PH,2022-06-02 22:00:28,6.2106,124.1894,77.83,81,81,3.91,broken clouds,0.0,0
172,tasiilaq,GL,2022-06-02 21:57:44,65.6145,-37.6368,32.05,88,66,2.8,broken clouds,0.0,0
173,namibe,AO,2022-06-02 22:00:29,-15.1961,12.1522,73.18,73,8,4.74,clear sky,0.0,0
174,hilo,US,2022-06-02 22:00:29,19.7297,-155.09,89.28,81,23,5.99,few clouds,0.0,0
175,nikolskoye,RU,2022-06-02 22:00:29,59.7035,30.7861,57.7,90,99,5.53,light rain,0.0,0
176,matadi,CD,2022-06-02 22:00:30,-5.8167,13.45,75.18,81,18,3.11,few clouds,0.0,0
177,umm kaddadah,SD,2022-06-02 22:00:30,13.6017,26.6876,83.77,18,9,8.5,clear sky,0.0,0
178,mandalgovi,MN,2022-06-02 22:00:31,45.7625,106.2708,61.5,44,98,3.98,overcast clouds,0.0,0
179,vilhena,BR,2022-06-02 22:00:19,-12.7406,-60.1458,76.62,61,100,0.81,overcast clouds,0.0,0
180,hofn,IS,2022-06-02 22:00:31,64.2539,-15.2082,50.94,82,100,11.88,overcast clouds,0.0,0
181,tazovskiy,RU,2022-06-02 22:00:32,67.4667,78.7,31.24,84,98,16.24,overcast clouds,0.0,0
182,chancay,PE,2022-06-02 22:00:32,-11.5714,-77.2672,64.89,78,79,6.98,broken clouds,0.0,0
183,marawi,PH,2022-06-02 22:00:32,7.9986,124.2928,68.32,91,99,1.81,overcast clouds,0.0,0
184,jiuquan,CN,2022-06-02 22:00:33,39.7432,98.5174,62.64,62,100,6.38,overcast clouds,0.0,0
185,berdigestyakh,RU,2022-06-02 22:00:33,62.0989,126.6992,58.71,79,8,7.07,clear sky,0.0,0
186,faanui,PF,2022-06-02 22:00:34,-16.4833,-151.75,78.28,79,96,13.06,moderate rain,0.0,0
187,mogadishu,SO,2022-06-02 22:00:34,2.0371,45.3438,79.25,78,58,17.18,broken clouds,0.0,0
188,longyearbyen,SJ,2022-06-02 22:00:34,78.2186,15.6401,42.64,75,20,17.27,few clouds,0.0,0
189,ponta delgada,PT,2022-06-02 22:00:35,37.7333,-25.6667,63.32,94,75,10.36,broken clouds,0.0,0
190,broome,US,2022-06-02 22:00:35,42.2506,-75.833,75.18,52,100,5.01,overcast clouds,0.0,0
191,bani,DO,2022-06-02 22:00:35,18.2833,-70.3333,83.86,68,83,8.39,broken clouds,0.0,0
192,funtua,NG,2022-06-02 22:00:36,11.5233,7.3081,80.8,32,20,5.39,few clouds,0.0,0
193,luderitz,NA,2022-06-02 22:00:36,-26.6481,15.1594,65.57,35,0,6.06,clear sky,0.0,0
194,tari,NG,2022-06-02 22:00:36,12.4086,4.4914,94.3,22,55,5.5,broken clouds,0.0,0
195,shieli,KZ,2022-06-02 22:00:37,44.1667,66.75,71.94,31,100,10.4,light rain,0.0,0
196,ancud,CL,2022-06-02 22:00:37,-41.8697,-73.8203,44.22,77,100,5.82,overcast clouds,0.0,0
197,doctor juan manuel frutos,PY,2022-06-02 22:00:37,-25.3667,-55.8,49.89,95,40,4.52,scattered clouds,0.0,0
198,arlit,NE,2022-06-02 22:00:38,18.7369,7.3853,94.68,10,46,17.52,scattered clouds,0.0,0
199,east london,ZA,2022-06-02 22:00:23,-33.0153,27.9116,57.54,72,3,4.52,clear sky,0.0,0
200,aquiraz,BR,2022-06-02 22:00:38,-3.9014,-38.3911,78.19,89,88,5.35,overcast clouds,0.0,0
201,cairns,AU,2022-06-02 21:59:17,-16.9167,145.7667,71.55,91,40,4.61,scattered clouds,0.0,0
202,faya,SA,2022-06-02 22:00:39,18.3851,42.4509,68.77,14,1,7.38,clear sky,0.0,0
203,san marcos,US,2022-06-02 22:00:39,33.1434,-117.1661,88.79,65,40,8.05,scattered clouds,0.0,0
204,yellowknife,CA,2022-06-02 22:00:39,62.456,-114.3525,62.56,33,75,13.0,broken clouds,0.0,0
205,plouzane,FR,2022-06-02 22:00:40,48.3833,-4.6167,64.45,73,0,5.75,clear sky,0.0,0
206,katsuura,JP,2022-06-02 22:00:40,35.1333,140.3,71.11,79,28,14.34,scattered clouds,0.0,0
207,touros,BR,2022-06-02 22:00:40,-5.1989,-35.4608,77.83,82,93,7.14,overcast clouds,0.0,0
208,portree,GB,2022-06-02 21:57:19,57.4129,-6.1942,51.53,86,94,6.35,overcast clouds,0.0,0
209,karratha,AU,2022-06-02 22:00:41,-20.7377,116.8463,61.68,69,7,14.12,clear sky,0.0,0
210,bloemfontein,ZA,2022-06-02 21:59:05,-29.1211,26.214,31.48,74,0,1.14,clear sky,0.0,0
211,pivijay,CO,2022-06-02 22:00:41,10.4617,-74.6162,86.02,63,90,6.98,overcast clouds,0.0,0
212,anchorage,US,2022-06-02 21:57:01,61.2181,-149.9003,76.86,35,52,3.0,broken clouds,0.0,0
213,lorengau,PG,2022-06-02 22:00:42,-2.0226,147.2712,83.21,72,72,9.6,broken clouds,0.0,0
214,kruisfontein,ZA,2022-06-02 22:00:42,-34.0033,24.7314,47.88,90,8,4.25,clear sky,0.0,0
215,koungheul,SN,2022-06-02 22:00:36,13.9833,-14.8,91.81,37,66,11.86,broken clouds,0.0,0
216,mount isa,AU,2022-06-02 22:00:43,-20.7333,139.5,60.57,63,40,0.0,scattered clouds,0.0,0
217,puerto escondido,MX,2022-06-02 22:00:43,15.85,-97.0667,83.12,71,85,7.0,overcast clouds,0.0,0
218,bonavista,CA,2022-06-02 22:00:44,48.6499,-53.1147,39.81,97,100,22.28,overcast clouds,0.0,0
219,florianopolis,BR,2022-06-02 21:58:58,-27.6146,-48.5012,57.7,89,100,14.97,overcast clouds,0.0,0
220,aklavik,CA,2022-06-02 22:00:44,68.2191,-135.0107,43.99,80,100,8.66,overcast clouds,0.0,0
221,haines junction,CA,2022-06-02 22:00:45,60.7522,-137.5108,74.14,19,58,5.82,broken clouds,0.0,0
222,iqaluit,CA,2022-06-02 22:00:14,63.7506,-68.5145,35.82,77,83,0.78,broken clouds,0.0,0
223,leningradskiy,RU,2022-06-02 22:00:45,69.3833,178.4167,53.6,48,85,12.73,overcast clouds,0.0,0
224,arinos,BR,2022-06-02 22:00:46,-15.9169,-46.1056,72.86,36,41,2.84,scattered clouds,0.0,0
225,airai,TL,2022-06-02 22:00:46,-8.9266,125.4092,59.41,93,60,1.7,broken clouds,0.0,0
226,san cristobal,VE,2022-06-02 22:00:05,7.7669,-72.225,81.45,43,60,5.73,broken clouds,0.0,0
227,upernavik,GL,2022-06-02 21:57:27,72.7868,-56.1549,32.07,66,100,1.99,overcast clouds,0.0,0
228,norman wells,CA,2022-06-02 22:00:47,65.282,-126.8329,71.69,33,100,11.34,overcast clouds,0.0,0
229,kismayo,SO,2022-06-02 22:00:47,-0.3582,42.5454,77.81,79,93,16.91,light rain,0.0,0
230,the valley,AI,2022-06-02 22:00:48,18.217,-63.0578,83.82,75,45,11.68,scattered clouds,0.0,0
231,ratnagiri,IN,2022-06-02 22:00:48,16.9833,73.3,82.02,81,100,7.65,overcast clouds,0.0,0
232,cururupu,BR,2022-06-02 22:00:48,-1.8283,-44.8683,75.72,91,74,3.27,broken clouds,0.0,0
233,salalah,OM,2022-06-02 22:00:49,17.0151,54.0924,80.56,75,32,3.85,scattered clouds,0.0,0
234,keroka,KE,2022-06-02 22:00:49,-0.7758,34.9453,51.89,92,82,5.82,broken clouds,0.0,0
235,san quintin,MX,2022-06-02 22:00:49,30.4833,-115.95,66.69,66,1,9.37,clear sky,0.0,0
236,moranbah,AU,2022-06-02 22:00:50,-22.0016,148.0466,63.27,76,31,8.43,scattered clouds,0.0,0
237,jinchang,CN,2022-06-02 22:00:50,38.4953,102.1739,59.22,82,100,5.7,overcast clouds,0.0,0
238,skelleftea,SE,2022-06-02 22:00:51,64.7507,20.9528,50.0,69,100,10.36,moderate rain,0.0,0
239,jeremie,HT,2022-06-02 22:00:51,18.65,-74.1167,83.86,68,90,5.17,overcast clouds,0.0,0
240,qingquan,CN,2022-06-02 22:00:52,30.4511,115.2559,74.91,92,69,5.86,broken clouds,0.0,0
241,cabo san lucas,MX,2022-06-02 21:58:15,22.8909,-109.9124,86.61,64,7,14.32,clear sky,0.0,0
242,necochea,AR,2022-06-02 22:00:52,-38.5473,-58.7368,45.09,66,82,4.56,broken clouds,0.0,0
243,omboue,GA,2022-06-02 22:00:53,-1.5746,9.2618,73.56,95,68,7.0,light rain,0.0,0
244,redmond,US,2022-06-02 22:00:53,47.674,-122.1215,78.6,60,100,5.99,overcast clouds,0.0,0
245,vallenar,CL,2022-06-02 22:00:54,-28.5708,-70.7581,59.14,41,75,3.24,broken clouds,0.0,0
246,whitehorse,CA,2022-06-02 22:00:54,60.7161,-135.0538,78.03,19,97,8.99,overcast clouds,0.0,0
247,biak,ID,2022-06-02 22:00:55,-0.9131,122.8766,76.1,77,95,2.48,overcast clouds,0.0,0
248,gigmoto,PH,2022-06-02 22:00:55,13.7796,124.39,81.09,83,83,5.26,broken clouds,0.0,0
249,victoria,HK,2022-06-02 21:57:57,22.2855,114.1577,84.38,87,78,11.01,broken clouds,0.0,0
250,chongwe,ZM,2022-06-02 22:00:56,-15.3292,28.682,52.2,83,6,5.64,clear sky,0.0,0
251,kyzyl-suu,KG,2022-06-02 22:00:56,42.3414,78.0056,50.9,56,74,5.41,broken clouds,0.0,0
252,port-gentil,GA,2022-06-02 22:00:56,-0.7193,8.7815,75.96,90,99,11.7,overcast clouds,0.0,0
253,hosakote,IN,2022-06-02 22:00:57,14.2769,77.1699,76.01,74,99,13.29,overcast clouds,0.0,0
254,tura,IN,2022-06-02 22:00:57,25.5198,90.2201,72.82,97,26,4.79,light rain,0.0,0
255,nyrob,RU,2022-06-02 22:00:58,60.733,56.7202,49.05,63,91,5.01,overcast clouds,0.0,0
256,mkushi,ZM,2022-06-02 22:00:58,-13.6202,29.3939,52.56,90,58,6.76,broken clouds,0.0,0
257,highland springs,US,2022-06-02 22:00:59,37.546,-77.3278,93.65,51,75,10.36,broken clouds,0.0,0
258,xiongyue,CN,2022-06-02 22:00:59,40.1774,122.1228,63.05,86,10,10.16,clear sky,0.0,0
259,honiara,SB,2022-06-02 22:00:59,-9.4333,159.95,82.44,78,12,7.2,few clouds,0.0,0
260,imbituba,BR,2022-06-02 22:01:00,-28.24,-48.6703,56.86,98,100,3.0,overcast clouds,0.0,0
261,zhangjiakou,CN,2022-06-02 22:01:00,40.81,114.8794,73.76,28,100,4.47,overcast clouds,0.0,0
262,nichinan,JP,2022-06-02 22:01:00,31.6,131.3667,65.88,83,93,1.03,overcast clouds,0.0,0
263,hasaki,JP,2022-06-02 22:01:01,35.7333,140.8333,70.2,79,61,12.77,broken clouds,0.0,0
264,naze,JP,2022-06-02 22:01:02,28.3667,129.4833,71.4,89,100,11.27,light rain,0.0,0
265,jilib,SO,2022-06-02 22:01:02,0.4883,42.7854,72.03,93,95,4.85,overcast clouds,0.0,0
266,boyolangu,ID,2022-06-02 22:01:03,-8.1181,111.8935,75.51,90,89,2.15,overcast clouds,0.0,0
267,conde,BR,2022-06-02 22:01:04,-7.2597,-34.9075,75.13,87,64,6.06,broken clouds,0.0,0
268,matamoros,MX,2022-06-02 22:00:34,25.5333,-103.25,96.76,18,9,18.3,clear sky,0.0,0
269,puerto carreno,CO,2022-06-02 22:01:06,6.189,-67.4859,76.32,87,100,2.93,overcast clouds,0.0,0
270,wanning,CN,2022-06-02 22:01:06,18.8003,110.3967,80.28,92,77,9.91,broken clouds,0.0,0
271,codajas,BR,2022-06-02 22:01:07,-3.8367,-62.0569,75.79,96,82,2.77,broken clouds,0.0,0
272,broken hill,AU,2022-06-02 21:58:03,-31.95,141.4333,47.23,83,100,4.99,overcast clouds,0.0,0
273,atar,MR,2022-06-02 21:58:55,20.5169,-13.0499,92.28,24,99,13.94,overcast clouds,0.0,0
274,bagotville,AU,2022-06-02 22:01:08,-28.9833,153.4167,50.85,92,20,4.18,few clouds,0.0,0
275,miri,MY,2022-06-02 22:01:09,4.4148,114.0089,75.11,85,79,4.21,broken clouds,0.0,0
276,ann arbor,US,2022-06-02 21:58:21,42.2776,-83.7409,74.91,46,4,3.0,clear sky,0.0,0
277,mnogovershinnyy,RU,2022-06-02 22:01:09,53.9353,139.9242,47.95,52,64,2.89,broken clouds,0.0,0
278,namatanai,PG,2022-06-02 22:01:10,-3.6667,152.4333,81.39,73,58,4.0,broken clouds,0.0,0
279,crepy-en-valois,FR,2022-06-02 22:01:10,49.2336,2.8881,63.91,70,89,6.4,overcast clouds,0.0,0
280,joliette,CA,2022-06-02 22:01:07,46.0168,-73.4492,72.79,63,92,5.19,overcast clouds,0.0,0
281,hirara,JP,2022-06-02 22:01:11,24.8,125.2833,75.47,100,75,16.11,broken clouds,0.0,0
282,lashio,MM,2022-06-02 22:01:12,22.9333,97.75,68.58,97,100,1.48,overcast clouds,0.0,0
283,kenai,US,2022-06-02 22:01:12,60.5544,-151.2583,75.02,49,26,6.73,scattered clouds,0.0,0
284,tiksi,RU,2022-06-02 22:01:13,71.6872,128.8694,33.15,95,100,4.29,overcast clouds,0.0,0
285,chapais,CA,2022-06-02 22:01:13,49.7834,-74.8492,58.59,70,100,3.53,overcast clouds,0.0,0
286,avera,US,2022-06-02 22:01:15,33.194,-82.5271,93.54,26,26,7.87,scattered clouds,0.0,0
287,san angelo,US,2022-06-02 22:01:15,31.4638,-100.437,82.62,63,20,9.22,few clouds,0.0,0
288,leshukonskoye,RU,2022-06-02 22:01:15,64.8989,45.7622,56.59,52,72,7.61,broken clouds,0.0,0
289,arcola,IT,2022-06-02 22:01:16,44.1185,9.9127,72.9,68,56,1.01,broken clouds,0.0,0
290,praia da vitoria,PT,2022-06-02 22:01:16,38.7333,-27.0667,63.75,95,70,3.06,broken clouds,0.0,0
291,chake chake,TZ,2022-06-02 22:01:17,-5.2459,39.7666,76.73,77,13,13.78,few clouds,0.0,0
292,severo-kurilsk,RU,2022-06-02 22:01:17,50.6789,156.125,43.45,90,100,7.63,overcast clouds,0.0,0
293,parvatipuram,IN,2022-06-02 22:01:18,18.7833,83.4333,81.64,85,78,1.86,broken clouds,0.0,0
294,mirnyy,RU,2022-06-02 22:01:09,62.5353,113.9611,58.5,56,58,8.93,broken clouds,0.0,0
295,torbay,CA,2022-06-02 22:01:18,47.6666,-52.7314,41.29,95,100,21.99,overcast clouds,0.0,0
296,norilsk,RU,2022-06-02 22:01:19,69.3535,88.2027,34.43,90,87,7.05,overcast clouds,0.0,0
297,zakupy,CZ,2022-06-02 22:01:19,50.6848,14.6452,54.54,78,77,3.33,broken clouds,0.0,0
298,cuajinicuilapa,MX,2022-06-02 22:01:19,16.4667,-98.4167,85.73,59,88,9.08,overcast clouds,0.0,0
299,tinskoy,RU,2022-06-02 22:01:20,56.1525,96.9161,41.09,95,100,6.91,overcast clouds,0.0,0
300,ust-ishim,RU,2022-06-02 22:01:20,57.6935,71.1665,33.12,60,33,4.7,scattered clouds,0.0,0
301,cabedelo,BR,2022-06-02 22:00:45,-6.9811,-34.8339,78.37,81,56,7.36,broken clouds,0.0,0
302,chekhov,RU,2022-06-02 22:01:21,55.1431,37.4711,64.35,96,100,4.32,overcast clouds,0.0,0
303,uige,AO,2022-06-02 21:56:44,-7.6087,15.0613,66.29,57,5,2.44,clear sky,0.0,0
304,itoman,JP,2022-06-02 22:01:21,26.1247,127.6694,77.02,100,75,3.44,broken clouds,0.0,0
305,eureka,US,2022-06-02 22:01:22,40.8021,-124.1637,78.67,64,62,5.01,broken clouds,0.0,0
306,seddon,AU,2022-06-02 22:01:22,-37.8068,144.8916,48.31,80,75,13.8,broken clouds,0.0,0
307,ostrovnoy,RU,2022-06-02 22:01:23,68.0531,39.5131,44.44,69,100,17.31,overcast clouds,0.0,0
308,bandarbeyla,SO,2022-06-02 22:01:23,9.4942,50.8122,78.49,82,84,28.05,broken clouds,0.0,0
309,dunedin,NZ,2022-06-02 22:01:24,-45.8742,170.5036,47.8,71,100,14.0,overcast clouds,0.0,0
310,nara,JP,2022-06-02 22:01:24,34.6851,135.8049,70.5,62,7,2.33,clear sky,0.0,0
311,guerrero negro,MX,2022-06-02 21:56:43,27.9769,-114.0611,72.37,52,0,15.88,clear sky,0.0,0
312,akyab,MM,2022-06-02 22:01:25,20.15,92.9,80.71,83,100,6.33,heavy intensity rain,0.0,0
313,bitkine,TD,2022-06-02 22:01:25,11.9801,18.2138,88.52,31,5,7.92,clear sky,0.0,0
314,neyshabur,IR,2022-06-02 22:01:25,36.2133,58.7958,71.49,21,0,1.79,clear sky,0.0,0
315,nagato,JP,2022-06-02 22:01:26,34.3833,131.2,62.2,84,5,5.21,clear sky,0.0,0
316,placido de castro,BR,2022-06-02 22:01:26,-10.3353,-67.1856,75.74,95,100,1.07,overcast clouds,0.0,0
317,pecos,US,2022-06-02 22:00:10,31.4229,-103.4932,78.89,53,75,12.66,broken clouds,0.0,0
318,vanimo,PG,2022-06-02 22:01:27,-2.6741,141.3028,79.99,81,13,6.4,few clouds,0.0,0
319,skjervoy,NO,2022-06-02 21:59:37,70.0311,20.9714,53.6,64,71,10.09,broken clouds,0.0,0
320,bichena,ET,2022-06-02 22:01:28,10.45,38.2,62.04,34,56,3.0,broken clouds,0.0,0
321,abashiri,JP,2022-06-02 22:01:28,44.0213,144.2697,47.95,87,100,5.01,light rain,0.0,0
322,campbell river,CA,2022-06-02 22:00:13,50.0163,-125.2446,68.59,54,98,8.55,overcast clouds,0.0,0
323,isangel,VU,2022-06-02 22:01:28,-19.55,169.2667,78.6,80,99,10.49,overcast clouds,0.0,0
324,semporna,MY,2022-06-02 22:01:29,4.4818,118.6112,79.18,84,100,3.04,overcast clouds,0.0,0
325,alofi,NU,2022-06-02 22:01:29,-19.0595,-169.9187,79.12,75,45,24.07,scattered clouds,0.0,0
326,penalva,BR,2022-06-02 21:57:28,-3.2942,-45.1736,74.48,96,93,2.24,overcast clouds,0.0,0
327,sambava,MG,2022-06-02 22:01:30,-14.2667,50.1667,71.49,91,100,11.59,light rain,0.0,0
328,sfantu gheorghe,RO,2022-06-02 22:01:30,45.8667,25.7833,65.26,93,100,0.63,overcast clouds,0.0,0
329,henties bay,NA,2022-06-02 22:01:30,-22.116,14.2845,64.47,47,2,6.13,clear sky,0.0,0
330,maxixe,MZ,2022-06-02 22:01:31,-23.8597,35.3472,68.83,72,88,6.93,overcast clouds,0.0,0
331,pali,IN,2022-06-02 21:59:01,25.7667,73.3333,85.89,48,46,14.7,scattered clouds,0.0,0
332,jardim,BR,2022-06-02 22:01:31,-21.4803,-56.1381,63.32,80,82,7.78,broken clouds,0.0,0
333,brae,GB,2022-06-02 22:01:32,60.3964,-1.353,47.52,87,56,11.81,broken clouds,0.0,0
334,sola,VU,2022-06-02 22:01:32,-13.8833,167.55,81.37,75,51,13.4,broken clouds,0.0,0
335,qostanay,KZ,2022-06-02 22:01:32,53.1667,63.5833,59.29,67,0,11.18,clear sky,0.0,0
336,usta muhammad,PK,2022-06-02 22:01:33,28.1794,68.0445,90.63,5,0,6.6,clear sky,0.0,0
337,stuttgart,DE,2022-06-02 22:00:14,48.7823,9.177,61.81,77,0,2.3,clear sky,0.0,0
338,namyslow,PL,2022-06-02 22:01:33,51.0759,17.7228,51.4,74,8,4.52,clear sky,0.0,0
339,fort nelson,CA,2022-06-02 22:01:34,58.8053,-122.7002,79.48,18,36,1.68,scattered clouds,0.0,0
340,buin,CL,2022-06-02 22:01:34,-33.7333,-70.75,59.05,65,100,1.59,moderate rain,0.0,0
341,mackenzie,CA,2022-06-02 22:01:35,55.2999,-123.1698,73.15,23,47,10.18,scattered clouds,0.0,0
342,ulladulla,AU,2022-06-02 22:01:35,-35.35,150.4667,48.09,74,100,6.44,overcast clouds,0.0,0
343,paita,PE,2022-06-02 22:01:36,-5.0892,-81.1144,68.27,74,9,17.05,clear sky,0.0,0
344,sao miguel do araguaia,BR,2022-06-02 22:01:37,-13.275,-50.1628,79.99,35,65,2.8,broken clouds,0.0,0
345,deputatskiy,RU,2022-06-02 22:00:26,69.3,139.9,42.55,70,100,4.0,overcast clouds,0.0,0
346,belyy yar,RU,2022-06-02 22:01:37,53.6039,91.3903,44.85,72,0,6.71,clear sky,0.0,0
347,bairiki,KI,2022-06-02 22:01:38,1.3292,172.9752,80.02,71,99,2.68,overcast clouds,0.0,0
348,velizh,RU,2022-06-02 22:01:38,55.6056,31.1967,52.41,99,100,7.49,light rain,0.0,0
349,opuwo,NA,2022-06-02 22:01:38,-18.0607,13.84,57.2,36,2,10.22,clear sky,0.0,0
350,porto velho,BR,2022-06-02 22:01:39,-8.7619,-63.9039,77.05,94,20,3.44,few clouds,0.0,0
351,blankenberge,BE,2022-06-02 22:01:39,51.3131,3.1323,57.96,70,7,3.0,clear sky,0.0,0
352,road town,VG,2022-06-02 22:00:16,18.4167,-64.6167,82.0,75,39,12.15,scattered clouds,0.0,0
353,totness,SR,2022-06-02 22:01:39,5.8833,-56.3167,76.08,89,99,6.76,overcast clouds,0.0,0
354,mach,PK,2022-06-02 22:01:40,29.8637,67.3298,77.74,8,0,10.49,clear sky,0.0,0
355,puerto gaitan,CO,2022-06-02 22:01:09,4.3133,-72.0816,82.09,75,63,4.41,broken clouds,0.0,0
356,am timan,TD,2022-06-02 22:01:40,11.0297,20.2827,88.27,30,81,6.08,broken clouds,0.0,0
357,portland,US,2022-06-02 21:57:29,45.5234,-122.6762,78.75,60,100,4.0,overcast clouds,0.0,0
358,noyabrsk,RU,2022-06-02 22:01:41,63.1994,75.4507,29.8,90,99,20.42,light snow,0.0,0
359,cotonou,BJ,2022-06-02 22:01:41,6.3654,2.4183,81.86,80,59,12.33,broken clouds,0.0,0
360,anadyr,RU,2022-06-02 22:01:11,64.75,177.4833,50.5,62,20,8.95,fog,0.0,0
361,kamyshlov,RU,2022-06-02 22:01:42,56.8428,62.7111,52.77,90,85,7.23,overcast clouds,0.0,0
362,ilulissat,GL,2022-06-02 22:01:42,69.2167,-51.1,35.62,69,25,4.61,scattered clouds,0.0,0
363,weiser,US,2022-06-02 22:01:42,44.251,-116.9693,83.89,28,100,3.0,overcast clouds,0.0,0
364,bay roberts,CA,2022-06-02 22:01:43,47.5999,-53.2648,42.06,90,100,7.0,overcast clouds,0.0,0
365,manokwari,ID,2022-06-02 22:01:43,-0.8667,134.0833,79.5,72,31,3.91,scattered clouds,0.0,0
366,yerbogachen,RU,2022-06-02 22:01:43,61.2767,108.0108,53.69,86,100,3.44,overcast clouds,0.0,0
367,middle island,US,2022-06-02 22:01:44,40.8843,-72.9373,69.84,93,100,9.22,heavy intensity rain,0.0,0
368,el alto,PE,2022-06-02 22:01:44,-4.2714,-81.2147,67.77,71,24,16.24,few clouds,0.0,0
369,paamiut,GL,2022-06-02 22:01:45,61.994,-49.6678,37.62,75,45,4.47,scattered clouds,0.0,0
370,husavik,IS,2022-06-02 22:01:45,66.0449,-17.3389,46.08,96,100,6.96,overcast clouds,0.0,0
371,homer,US,2022-06-02 22:01:46,59.6425,-151.5483,73.04,36,2,1.52,clear sky,0.0,0
372,khorixas,NA,2022-06-02 22:01:46,-20.3667,14.9667,60.6,29,81,10.6,broken clouds,0.0,0
373,grindavik,IS,2022-06-02 22:01:46,63.8424,-22.4338,48.67,81,100,12.66,overcast clouds,0.0,0
374,petukhovo,RU,2022-06-02 22:01:47,55.0692,67.9019,54.36,90,89,7.11,light rain,0.0,0
375,saint-pierre,RE,2022-06-02 22:01:47,-21.3393,55.4781,69.48,68,0,6.91,clear sky,0.0,0
376,mbuguni,TZ,2022-06-02 22:01:47,-3.5667,36.95,62.29,74,99,2.86,overcast clouds,0.0,0
377,vestmannaeyjar,IS,2022-06-02 22:01:48,63.4427,-20.2734,48.02,75,91,8.5,overcast clouds,0.0,0
378,tall kayf,TR,2022-06-02 22:01:48,37.0833,41.0667,86.07,14,10,6.29,clear sky,0.0,0
379,oil city,US,2022-06-02 21:57:05,41.4339,-79.7064,68.18,74,89,1.01,overcast clouds,0.0,0
380,yuanping,CN,2022-06-02 22:01:49,38.7153,112.7575,67.17,43,76,0.11,broken clouds,0.0,0
381,margate,GB,2022-06-02 22:01:26,51.3813,1.3862,56.3,77,7,3.0,clear sky,0.0,0
382,nipawin,CA,2022-06-02 22:01:49,53.3668,-104.0009,59.02,28,30,16.75,scattered clouds,0.0,0
383,asau,RO,2022-06-02 22:01:49,46.4333,26.4,63.52,94,93,3.06,overcast clouds,0.0,0
384,arteaga,MX,2022-06-02 22:01:50,18.4667,-102.4167,83.46,41,4,7.85,clear sky,0.0,0
385,aksarka,RU,2022-06-02 22:01:50,66.5606,67.7975,29.57,67,38,22.64,scattered clouds,0.0,0
386,chebarkul,RU,2022-06-02 22:01:50,54.9749,60.3633,55.96,81,61,6.73,broken clouds,0.0,0
387,thunder bay,CA,2022-06-02 21:57:59,48.4001,-89.3168,73.38,21,75,23.02,broken clouds,0.0,0
388,pangnirtung,CA,2022-06-02 22:01:51,66.1451,-65.7125,37.78,99,99,2.89,overcast clouds,0.0,0
389,samarinda,ID,2022-06-02 22:01:51,-0.5,117.15,73.24,99,82,0.63,broken clouds,0.0,0
390,khatanga,RU,2022-06-02 22:01:52,71.9667,102.5,45.88,80,94,15.57,overcast clouds,0.0,0
391,lasa,IT,2022-06-02 22:01:52,46.6166,10.7002,60.37,86,83,2.3,broken clouds,0.0,0
392,fare,PF,2022-06-02 22:01:52,-16.7,-151.0167,78.55,79,100,13.35,light rain,0.0,0
393,port lincoln,AU,2022-06-02 21:57:29,-34.7333,135.8667,52.7,87,96,17.63,overcast clouds,0.0,0
394,port elizabeth,ZA,2022-06-02 22:01:53,-33.918,25.5701,50.31,95,0,2.3,clear sky,0.0,0
395,luanda,AO,2022-06-02 22:01:53,-8.8368,13.2343,73.4,94,20,6.91,few clouds,0.0,0
396,fethiye,TR,2022-06-02 22:01:53,36.6217,29.1164,75.07,66,38,5.19,scattered clouds,0.0,0
397,lavrentiya,RU,2022-06-02 22:01:54,65.5833,-171.0,41.63,80,58,6.51,broken clouds,0.0,0
398,komsomolskiy,UZ,2022-06-02 22:01:54,40.4272,71.7189,73.81,28,85,1.95,overcast clouds,0.0,0
399,takoradi,GH,2022-06-02 22:01:55,4.8845,-1.7554,79.34,86,46,9.89,scattered clouds,0.0,0
400,springfield,US,2022-06-02 21:58:03,37.2153,-93.2982,75.27,57,100,3.0,overcast clouds,0.0,0
401,merauke,ID,2022-06-02 22:01:55,-8.4667,140.3333,78.84,86,79,10.0,broken clouds,0.0,0
402,immenstadt,DE,2022-06-02 22:01:55,47.561,10.2199,60.58,81,47,4.47,scattered clouds,0.0,0
403,manzil salim,TN,2022-06-02 22:01:56,35.8567,8.4765,81.99,28,79,9.1,broken clouds,0.0,0
404,solton,RU,2022-06-02 22:01:56,52.8429,86.4787,41.47,93,64,5.1,broken clouds,0.0,0
405,kapit,MY,2022-06-02 22:01:56,2.0167,112.9333,71.78,100,100,1.14,overcast clouds,0.0,0
406,dhuwaran,IN,2022-06-02 22:01:57,22.2333,72.8,85.48,44,96,6.38,overcast clouds,0.0,0
407,sanmenxia,CN,2022-06-02 22:00:28,34.7747,111.1814,74.86,57,24,4.74,few clouds,0.0,0
408,gerash,IR,2022-06-02 22:01:58,27.6652,54.1371,79.66,18,0,5.01,clear sky,0.0,0
409,marsh harbour,BS,2022-06-02 22:01:58,26.5412,-77.0636,81.34,69,14,7.83,few clouds,0.0,0
410,imeni poliny osipenko,RU,2022-06-02 22:01:58,52.4201,136.4853,39.69,96,100,10.27,light rain,0.0,0
411,pristen,RU,2022-06-02 22:01:59,51.2355,36.6959,61.88,95,91,6.06,overcast clouds,0.0,0
412,kuching,MY,2022-06-02 22:00:13,1.55,110.3333,75.42,94,20,0.0,few clouds,0.0,0
413,taoudenni,ML,2022-06-02 22:01:59,22.6783,-3.9836,99.12,11,65,11.32,broken clouds,0.0,0
414,nemuro,JP,2022-06-02 22:02:00,43.3236,145.575,44.02,97,100,15.3,moderate rain,0.0,0
415,aykhal,RU,2022-06-02 22:02:00,66.0,111.5,54.32,63,81,13.4,broken clouds,0.0,0
416,maua,BR,2022-06-02 21:59:15,-23.6678,-46.4614,62.4,84,100,4.97,overcast clouds,0.0,0
417,mahdasht,IR,2022-06-02 22:02:02,35.7299,50.8111,82.62,39,7,9.91,clear sky,0.0,0
418,machico,PT,2022-06-02 22:02:02,32.7,-16.7667,67.71,81,40,5.75,scattered clouds,0.0,0
419,dabakala,CI,2022-06-02 22:02:02,8.3667,-4.4333,73.45,88,100,1.43,overcast clouds,0.0,0
420,harper,LR,2022-06-02 22:01:24,4.375,-7.7169,78.57,86,49,8.93,scattered clouds,0.0,0
421,nhamunda,BR,2022-06-02 22:02:03,-2.1861,-56.7131,76.95,90,49,2.13,scattered clouds,0.0,0
422,matara,LK,2022-06-02 22:02:03,5.9485,80.5353,77.61,88,91,13.22,moderate rain,0.0,0
423,khorol,UA,2022-06-02 22:02:04,49.7837,33.2783,61.57,92,74,5.75,light rain,0.0,0
424,weligama,LK,2022-06-02 22:02:04,5.9667,80.4167,77.92,88,89,13.98,overcast clouds,0.0,0
425,vila franca do campo,PT,2022-06-02 22:01:29,37.7167,-25.4333,63.01,88,53,3.67,broken clouds,0.0,0
426,kuryk,KZ,2022-06-02 22:02:04,43.2,51.65,76.57,37,42,22.86,scattered clouds,0.0,0
427,kavieng,PG,2022-06-02 22:02:05,-2.5744,150.7967,82.51,68,83,8.84,broken clouds,0.0,0
428,kolda,SN,2022-06-02 22:02:05,12.8833,-14.95,84.16,66,67,15.77,moderate rain,0.0,0
429,shingu,JP,2022-06-02 22:02:05,33.7333,135.9833,69.17,68,1,2.53,clear sky,0.0,0
430,cockburn town,TC,2022-06-02 22:02:06,21.4612,-71.1419,80.47,77,100,11.74,overcast clouds,0.0,0
431,lata,PT,2022-06-02 22:02:06,40.1629,-8.3327,55.9,95,28,2.68,scattered clouds,0.0,0
432,clyde river,CA,2022-06-02 22:02:06,70.4692,-68.5914,35.74,98,100,6.13,overcast clouds,0.0,0
433,warrington,GB,2022-06-02 22:00:31,53.3925,-2.5802,60.87,82,20,9.22,light rain,0.0,0
434,baykit,RU,2022-06-02 22:02:07,61.67,96.37,37.24,98,100,9.13,moderate rain,0.0,0
435,northam,GB,2022-06-02 22:02:07,51.0333,-4.2167,55.62,69,4,5.37,clear sky,0.0,0
436,rabo de peixe,PT,2022-06-02 22:02:08,37.8,-25.5833,62.11,94,75,10.36,broken clouds,0.0,0
437,qala,AZ,2022-06-02 22:02:08,40.4418,50.1681,66.09,77,0,4.61,clear sky,0.0,0
438,vera cruz,BR,2022-06-02 22:02:09,-12.6333,-41.0333,73.36,68,97,3.8,overcast clouds,0.0,0
439,kashi,CN,2022-06-02 22:02:09,39.4547,75.9797,71.31,19,100,4.76,overcast clouds,0.0,0
440,klaksvik,FO,2022-06-02 22:02:10,62.2266,-6.589,43.72,90,70,7.31,broken clouds,0.0,0
441,tuatapere,NZ,2022-06-02 22:02:10,-46.1333,167.6833,46.6,85,100,8.1,overcast clouds,0.0,0
442,lumeje,AO,2022-06-02 22:02:10,-11.55,20.7833,56.48,53,17,7.45,few clouds,0.0,0
443,gaoual,GN,2022-06-02 22:02:11,11.75,-13.2,77.54,87,100,7.05,overcast clouds,0.0,0
444,ixtapa,MX,2022-06-02 21:57:50,20.7,-105.2,81.23,68,5,4.0,clear sky,0.0,0
445,kununurra,AU,2022-06-02 22:02:11,-15.7667,128.7333,75.18,94,75,4.61,broken clouds,0.0,0
446,namie,JP,2022-06-02 22:02:12,37.4833,141.0,61.99,88,100,1.66,overcast clouds,0.0,0
447,ejura,GH,2022-06-02 22:02:12,7.3856,-1.3562,75.4,87,42,4.65,light rain,0.0,0
448,pangody,RU,2022-06-02 22:02:12,65.85,74.4859,29.32,90,100,21.43,overcast clouds,0.0,0
449,cayenne,GF,2022-06-02 22:00:02,4.9333,-52.3333,80.64,1,100,3.44,overcast clouds,0.0,0
450,babushkin,RU,2022-06-02 22:02:13,51.7122,105.8647,47.25,94,46,0.2,scattered clouds,0.0,0
451,lalmohan,BD,2022-06-02 22:02:13,22.3384,90.7419,83.01,83,100,13.65,overcast clouds,0.0,0
452,cherskiy,RU,2022-06-02 22:02:13,68.75,161.3,40.23,71,100,13.89,overcast clouds,0.0,0
453,trelleborg,SE,2022-06-02 22:02:14,55.3751,13.1569,54.34,91,43,16.93,scattered clouds,0.0,0
454,talcher,IN,2022-06-02 22:02:14,20.95,85.2167,82.04,88,99,8.79,overcast clouds,0.0,0
455,eustis,US,2022-06-02 22:02:14,28.8528,-81.6853,90.07,55,20,8.05,few clouds,0.0,0
456,mayumba,GA,2022-06-02 22:02:15,-3.432,10.6554,72.68,95,36,2.57,light rain,0.0,0
457,povenets,RU,2022-06-02 22:02:15,62.8487,34.8262,51.26,99,97,4.7,overcast clouds,0.0,0
458,faratsiho,MG,2022-06-02 22:02:16,-19.4,46.95,48.36,83,46,8.16,scattered clouds,0.0,0
459,bilibino,RU,2022-06-02 22:02:16,68.0546,166.4372,44.24,65,87,16.84,overcast clouds,0.0,0
460,baijiantan,CN,2022-06-02 22:02:16,45.6333,85.1833,60.8,33,2,8.7,clear sky,0.0,0
461,olafsvik,IS,2022-06-02 22:02:17,64.8945,-23.7142,47.28,83,100,14.7,overcast clouds,0.0,0
462,great yarmouth,GB,2022-06-02 22:02:17,52.6083,1.7305,54.01,79,35,10.98,scattered clouds,0.0,0
463,coruripe,BR,2022-06-02 22:02:17,-10.1256,-36.1756,76.6,87,48,6.17,scattered clouds,0.0,0
464,santa luzia,BR,2022-06-02 21:59:41,-19.7697,-43.8514,76.28,58,0,4.61,clear sky,0.0,0
465,zavallya,UA,2022-06-02 22:02:18,48.2135,30.0156,62.51,94,73,7.54,broken clouds,0.0,0
466,stryn,NO,2022-06-02 22:02:18,61.9045,6.7226,56.14,92,100,1.01,overcast clouds,0.0,0
467,manggar,ID,2022-06-02 22:02:18,-2.8833,108.2667,79.77,82,77,8.21,heavy intensity rain,0.0,0
468,nueva loja,EC,2022-06-02 22:02:19,0.0847,-76.8828,82.31,72,19,1.9,few clouds,0.0,0
469,zaysan,KZ,2022-06-02 22:02:19,47.4667,84.8667,47.75,46,3,7.9,clear sky,0.0,0
470,opotiki,NZ,2022-06-02 22:02:20,-38.0833,177.2833,61.39,92,92,5.79,overcast clouds,0.0,0
471,chernyshevskiy,RU,2022-06-02 22:02:20,63.0128,112.4714,57.07,53,26,9.19,scattered clouds,0.0,0
472,codrington,AU,2022-06-02 22:02:20,-38.2667,141.9667,47.48,67,100,16.06,light rain,0.0,0
473,tommot,RU,2022-06-02 22:02:21,58.9564,126.2925,54.3,64,0,4.14,clear sky,0.0,0
474,fuzhou,CN,2022-06-02 22:02:21,26.0614,119.3061,74.57,99,100,0.56,light rain,0.0,0
475,minudasht,IR,2022-06-02 22:02:21,37.2289,55.3747,73.63,40,3,2.35,clear sky,0.0,0
476,mareeba,AU,2022-06-02 22:02:22,-17.0,145.4333,66.92,93,23,2.13,few clouds,0.0,0
477,oranjemund,NA,2022-06-02 21:59:39,-28.55,16.4333,58.57,48,0,3.47,clear sky,0.0,0
478,svetlaya,RU,2022-06-02 22:02:22,46.5389,138.3297,44.26,93,100,16.17,overcast clouds,0.0,0
479,gushikawa,JP,2022-06-02 22:02:22,26.3544,127.8686,76.23,100,100,3.2,overcast clouds,0.0,0
480,muroto,JP,2022-06-02 22:02:23,33.2833,134.15,69.44,64,0,6.04,clear sky,0.0,0
481,palmer,US,2022-06-02 22:02:23,42.1584,-72.3287,73.49,69,100,4.61,overcast clouds,0.0,0
482,batagay,RU,2022-06-02 22:02:23,67.6333,134.6333,61.7,60,95,4.34,overcast clouds,0.0,0
483,viedma,AR,2022-06-02 22:00:29,-40.8135,-62.9967,43.16,78,26,8.21,scattered clouds,0.0,0
484,meadow lake,US,2022-06-02 22:02:24,34.8014,-106.5436,88.61,24,2,12.64,clear sky,0.0,0
485,tautira,PF,2022-06-02 22:02:24,-17.7333,-149.15,77.0,83,100,15.17,moderate rain,0.0,0
486,inhambane,MZ,2022-06-02 22:02:04,-23.865,35.3833,69.8,71,87,8.25,overcast clouds,0.0,0
487,mount gambier,AU,2022-06-02 22:00:28,-37.8333,140.7667,46.6,71,100,10.25,light rain,0.0,0
488,lososina,RU,2022-06-02 22:02:25,48.9975,140.3106,41.47,95,100,4.0,overcast clouds,0.0,0
489,nantucket,US,2022-06-02 22:02:25,41.2835,-70.0995,64.51,83,75,6.91,broken clouds,0.0,0
490,lucea,JM,2022-06-02 22:02:26,18.451,-78.1736,82.85,66,96,4.72,overcast clouds,0.0,0
491,kedougou,SN,2022-06-02 22:02:26,12.5579,-12.1743,84.4,52,100,4.61,light rain,0.0,0
492,shestakovo,RU,2022-06-02 22:02:26,56.4915,103.96,47.93,92,61,9.6,broken clouds,0.0,0
493,te anau,NZ,2022-06-02 22:01:07,-45.4167,167.7167,42.51,88,69,1.95,broken clouds,0.0,0
494,tamandare,BR,2022-06-02 22:02:27,-8.7597,-35.1047,76.91,87,100,4.97,overcast clouds,0.0,0
495,dolinsk,RU,2022-06-02 22:02:27,47.35,142.8,41.2,97,100,9.73,overcast clouds,0.0,0
496,kisangani,CD,2022-06-02 22:00:24,0.5167,25.2,71.11,96,100,0.72,overcast clouds,0.0,0
497,bolitoc,PH,2022-06-02 22:02:28,15.7395,119.8769,80.24,80,99,7.34,overcast clouds,0.0,0
498,eyl,SO,2022-06-02 22:02:28,7.9803,49.8164,79.97,71,100,20.69,overcast clouds,0.0,0
499,prince rupert,CA,2022-06-02 22:02:28,54.3161,-130.3201,59.16,70,100,3.91,overcast clouds,0.0,0
500,fillmore,US,2022-06-02 21:57:29,43.6666,-92.1002,78.13,19,0,19.57,clear sky,0.0,0
501,monte alegre,BR,2022-06-02 22:02:29,-2.0078,-54.0692,77.67,85,54,2.24,broken clouds,0.0,0
502,shenandoah,US,2022-06-02 22:02:29,30.4013,-91.0009,92.93,60,15,1.01,light rain,0.0,0
503,key west,US,2022-06-02 22:00:00,24.5557,-81.7826,84.0,64,100,16.67,overcast clouds,0.0,0
504,bathsheba,BB,2022-06-02 22:02:30,13.2167,-59.5167,79.92,77,86,11.86,overcast clouds,0.0,0
505,sturgis,US,2022-06-02 22:00:16,41.7992,-85.4192,73.65,31,40,6.91,scattered clouds,0.0,0
506,khandbari,NP,2022-06-02 22:02:30,27.3747,87.2039,71.47,87,64,1.23,broken clouds,0.0,0
507,batemans bay,AU,2022-06-02 22:02:31,-35.7167,150.1833,48.09,78,100,6.55,overcast clouds,0.0,0
508,nanma,CN,2022-06-02 22:02:31,36.1817,118.1583,74.48,58,70,3.44,broken clouds,0.0,0
509,cayhagan,PH,2022-06-02 22:02:31,9.6697,122.4256,79.48,79,82,1.7,broken clouds,0.0,0
510,half moon bay,US,2022-06-02 22:02:32,37.4636,-122.4286,83.59,56,0,19.57,clear sky,0.0,0
511,torres novas,PT,2022-06-02 22:02:32,39.4811,-8.5395,64.15,88,10,4.56,clear sky,0.0,0
512,srednekolymsk,RU,2022-06-02 22:02:32,67.45,153.6833,50.95,46,4,8.3,clear sky,0.0,0
513,veere,NL,2022-06-02 22:02:33,51.5483,3.6667,58.98,79,7,10.36,clear sky,0.0,0
514,xining,CN,2022-06-02 22:02:33,36.6167,101.7667,54.72,79,100,5.82,moderate rain,0.0,0
515,la ronge,CA,2022-06-02 21:57:36,55.1001,-105.2842,62.85,13,20,17.27,few clouds,0.0,0
516,lompoc,US,2022-06-02 22:02:34,34.6391,-120.4579,87.69,71,0,17.0,clear sky,0.0,0
517,praya,CV,2022-06-02 22:02:34,14.9215,-23.5087,73.13,85,22,17.78,few clouds,0.0,0
518,qui nhon,VN,2022-06-02 22:02:34,13.7667,109.2333,78.31,83,100,5.73,overcast clouds,0.0,0
519,nazarovo,RU,2022-06-02 22:02:35,56.0064,90.3914,35.82,94,44,5.91,scattered clouds,0.0,0
520,whitianga,NZ,2022-06-02 22:02:35,-36.8333,175.7,59.65,79,58,16.24,broken clouds,0.0,0
521,changji,CN,2022-06-02 22:02:35,44.0167,87.3167,56.19,82,0,4.47,clear sky,0.0,0
522,haapsalu,EE,2022-06-02 22:02:36,58.9431,23.5414,50.99,92,100,17.27,moderate rain,0.0,0
523,kudahuvadhoo,MV,2022-06-02 22:02:36,2.6708,72.8944,83.01,73,43,13.94,scattered clouds,0.0,0
524,camacha,PT,2022-06-02 22:02:24,33.0833,-16.3333,63.82,72,40,12.66,scattered clouds,0.0,0
525,vanavara,RU,2022-06-02 22:01:19,60.34,102.2797,48.49,96,87,11.03,light rain,0.0,0
526,pirojpur,BD,2022-06-02 22:02:37,22.5667,89.9833,81.28,89,100,8.66,overcast clouds,0.0,0
527,yungay,PE,2022-06-02 22:02:37,-9.1383,-77.7436,60.21,73,96,6.24,overcast clouds,0.0,0
528,ginir,ET,2022-06-02 22:02:37,7.1333,40.7,55.87,87,70,6.22,broken clouds,0.0,0
529,nouadhibou,MR,2022-06-02 22:02:38,20.931,-17.0347,68.04,81,50,26.4,scattered clouds,0.0,0
530,itarema,BR,2022-06-02 22:02:38,-2.9248,-39.9167,76.48,89,99,8.01,overcast clouds,0.0,0
531,laje,BR,2022-06-02 22:02:38,-10.1833,-40.9667,76.23,63,78,10.38,broken clouds,0.0,0
532,kulhudhuffushi,MV,2022-06-02 22:02:39,6.6221,73.07,82.2,78,95,17.9,overcast clouds,0.0,0
533,tukrah,LY,2022-06-02 22:02:39,32.5341,20.5791,72.84,67,0,8.75,clear sky,0.0,0
534,nioro,GM,2022-06-02 22:02:39,13.35,-15.75,82.65,55,44,10.4,scattered clouds,0.0,0
535,cajetina,RS,2022-06-02 22:02:40,43.7498,19.7127,57.99,91,1,2.71,clear sky,0.0,0
536,padang,ID,2022-06-02 22:02:40,-0.9492,100.3543,76.75,81,100,3.6,overcast clouds,0.0,0
537,devarkonda,IN,2022-06-02 22:02:41,16.7,78.9333,85.69,55,99,20.78,overcast clouds,0.0,0
538,ust-kuyga,RU,2022-06-02 22:02:41,70.0167,135.6,42.98,76,100,3.94,overcast clouds,0.0,0
539,praxedis guerrero,MX,2022-06-02 22:02:41,31.3667,-106.0167,92.66,23,11,19.15,few clouds,0.0,0
540,navahrudak,BY,2022-06-02 22:02:42,53.6,25.8333,46.13,96,1,6.73,clear sky,0.0,0
541,albino,IT,2022-06-02 22:02:42,45.7638,9.7964,73.35,76,0,5.75,clear sky,0.0,0
542,nuuk,GL,2022-06-02 22:01:06,64.1835,-51.7216,48.81,43,20,8.99,few clouds,0.0,0
543,mvuma,ZW,2022-06-02 22:02:42,-19.2792,30.5283,47.1,89,0,9.08,clear sky,0.0,0
544,kizukuri,JP,2022-06-02 22:02:43,40.8061,140.3861,61.11,83,44,1.77,scattered clouds,0.0,0
545,flinders,AU,2022-06-02 22:02:43,-34.5833,150.8552,45.37,87,100,1.99,overcast clouds,0.0,0
546,sistranda,NO,2022-06-02 22:02:43,63.7256,8.834,49.96,92,21,11.54,few clouds,0.0,0
547,lerwick,GB,2022-06-02 22:02:44,60.1545,-1.1494,46.4,87,41,11.18,scattered clouds,0.0,0
548,clarksdale,US,2022-06-02 22:02:44,34.2001,-90.5709,73.38,100,20,4.61,light rain,0.0,0
549,kedrovyy,RU,2022-06-02 22:02:45,56.1667,91.8167,39.87,94,92,8.37,overcast clouds,0.0,0
550,akdagmadeni,TR,2022-06-02 22:02:45,39.6603,35.8836,63.79,51,83,7.9,broken clouds,0.0,0
551,anse-bertrand,GP,2022-06-02 22:02:45,16.4721,-61.5078,82.22,100,8,14.27,clear sky,0.0,0
552,la sarre,CA,2022-06-02 22:02:45,48.8002,-79.1996,64.29,45,43,5.82,scattered clouds,0.0,0
553,okha,RU,2022-06-02 22:02:46,53.5739,142.9478,39.85,85,86,5.73,overcast clouds,0.0,0
554,zhezkazgan,KZ,2022-06-02 22:02:46,47.8043,67.7144,59.2,38,0,9.62,clear sky,0.0,0
555,lukovetskiy,RU,2022-06-02 22:02:47,64.2956,41.9211,61.57,73,100,5.79,overcast clouds,0.0,0
556,tezu,IN,2022-06-02 22:00:09,27.9167,96.1667,73.56,95,57,2.84,light rain,0.0,0
557,manta,EC,2022-06-02 22:02:47,-0.95,-80.7333,74.07,77,89,12.59,overcast clouds,0.0,0
558,yeniseysk,RU,2022-06-02 22:02:47,58.4497,92.1703,36.72,90,70,7.9,broken clouds,0.0,0
559,vaasa,FI,2022-06-02 22:02:48,63.096,21.6158,53.62,94,100,4.61,shower rain,0.0,0
560,kanye,BW,2022-06-02 22:02:48,-24.9667,25.3327,47.66,37,0,4.74,clear sky,0.0,0
561,port hedland,AU,2022-06-02 22:02:49,-20.3167,118.5667,59.05,82,5,8.05,clear sky,0.0,0
562,balabac,PH,2022-06-02 22:02:49,7.9868,117.0645,81.28,77,82,4.81,broken clouds,0.0,0
563,gat,IL,2022-06-02 22:02:49,31.61,34.7642,75.4,57,0,1.12,clear sky,0.0,0
564,poum,NC,2022-06-02 22:02:50,-20.2333,164.0167,74.07,73,100,8.9,overcast clouds,0.0,0
565,wynyard,AU,2022-06-02 22:02:50,-41.0,145.7167,50.94,79,100,9.73,overcast clouds,0.0,0
566,jharsuguda,IN,2022-06-02 22:02:50,21.85,84.0333,80.04,78,93,4.52,overcast clouds,0.0,0
567,nyurba,RU,2022-06-02 22:02:51,63.2842,118.3319,59.81,63,7,6.4,clear sky,0.0,0
568,bulawayo,ZW,2022-06-02 22:02:51,-20.15,28.5833,48.78,67,0,11.77,clear sky,0.0,0
569,coquimbo,CL,2022-06-02 22:02:52,-29.9533,-71.3436,56.61,64,100,1.05,overcast clouds,0.0,0
570,portales,US,2022-06-02 22:02:52,34.1862,-103.3344,78.33,51,86,10.67,overcast clouds,0.0,0
571,gbarnga,LR,2022-06-02 22:02:52,6.9956,-9.4722,73.69,97,73,4.25,broken clouds,0.0,0
572,emerald,AU,2022-06-02 22:00:51,-23.5333,148.1667,56.34,81,2,8.5,clear sky,0.0,0
573,tongchuan,CN,2022-06-02 22:02:53,35.0806,109.0897,71.11,60,42,4.56,scattered clouds,0.0,0
574,de-kastri,RU,2022-06-02 22:02:54,51.4667,140.7833,41.9,97,100,5.44,light rain,0.0,0
575,fagersta,SE,2022-06-02 21:58:58,60.0042,15.7932,55.85,90,58,5.1,broken clouds,0.0,0
576,guapo,BR,2022-06-02 22:01:53,-16.8306,-49.5319,72.45,40,6,3.0,clear sky,0.0,0
577,mana,GF,2022-06-02 22:02:54,5.6592,-53.7767,73.78,93,100,5.73,overcast clouds,0.0,0
578,shagonar,RU,2022-06-02 22:02:55,51.5333,92.8,45.72,57,31,4.27,scattered clouds,0.0,0
579,elko,US,2022-06-02 22:02:55,41.0002,-115.5012,80.62,15,36,4.74,scattered clouds,0.0,0
580,villarrobledo,ES,2022-06-02 22:02:55,39.2699,-2.6012,69.87,59,100,8.79,overcast clouds,0.0,0
581,bajos de haina,DO,2022-06-02 22:02:56,18.4154,-70.0332,84.33,75,40,9.22,scattered clouds,0.0,0
582,mackay,AU,2022-06-02 22:02:56,-21.15,149.2,70.68,69,85,4.92,overcast clouds,0.0,0
583,oistins,BB,2022-06-02 22:02:56,13.0667,-59.5333,79.14,78,90,11.07,overcast clouds,0.0,0
584,maragogi,BR,2022-06-02 22:02:57,-9.0122,-35.2225,76.42,88,100,5.73,overcast clouds,0.0,0
585,taltal,CL,2022-06-02 22:01:58,-25.4,-70.4833,60.8,59,0,3.02,clear sky,0.0,0
586,lixourion,GR,2022-06-02 22:02:57,38.2019,20.4314,75.51,63,1,3.2,clear sky,0.0,0
587,urazovo,RU,2022-06-02 22:02:58,50.0836,38.0395,63.16,89,28,7.14,scattered clouds,0.0,0
588,saint anthony,US,2022-06-02 22:02:58,45.0205,-93.218,75.78,26,40,25.32,scattered clouds,0.0,0
589,haysville,US,2022-06-02 22:02:58,37.5645,-97.3523,78.48,37,0,9.22,clear sky,0.0,0
590,ngunguru,NZ,2022-06-02 22:02:59,-35.6167,174.5,59.94,67,70,16.22,broken clouds,0.0,0
591,otuzco,PE,2022-06-02 22:02:59,-7.9,-78.5833,52.56,70,71,5.12,broken clouds,0.0,0
592,vila velha,BR,2022-06-02 22:01:00,-20.3297,-40.2925,77.95,86,4,8.03,clear sky,0.0,0
593,turayf,SA,2022-06-02 22:03:00,31.6725,38.6637,80.51,21,0,10.27,clear sky,0.0,0
594,zemio,CF,2022-06-02 22:03:00,5.0314,25.1361,68.63,97,79,2.21,light rain,0.0,0
595,sur,OM,2022-06-02 22:03:01,22.5667,59.5289,82.9,64,32,9.69,scattered clouds,0.0,0
596,fairbanks,US,2022-06-02 21:59:41,64.8378,-147.7164,76.01,34,94,3.0,overcast clouds,0.0,0
597,pundaguitan,PH,2022-06-02 22:03:01,6.3711,126.1689,81.75,76,80,6.08,broken clouds,0.0,0
598,college,US,2022-06-02 22:03:02,64.8569,-147.8028,75.58,35,75,8.05,broken clouds,0.0,0
599,cidreira,BR,2022-06-02 22:03:02,-30.1811,-50.2056,55.2,72,100,9.42,overcast clouds,0.0,0
600,awjilah,LY,2022-06-02 22:03:02,29.1081,21.2869,81.07,33,0,12.53,clear sky,0.0,0
601,channel-port aux basques,CA,2022-06-02 22:03:03,47.5702,-59.1367,46.13,84,96,23.24,overcast clouds,0.0,0
602,tselina,RU,2022-06-02 22:03:03,46.5338,41.0328,69.85,53,2,8.9,clear sky,0.0,0
603,wewak,PG,2022-06-02 22:03:04,-3.5534,143.6268,78.84,83,21,6.22,few clouds,0.0,0
604,alta floresta,BR,2022-06-02 22:00:05,-9.8756,-56.0861,77.09,75,93,3.8,overcast clouds,0.0,0
605,port-cartier,CA,2022-06-02 22:03:04,50.0334,-66.8654,55.74,68,69,3.15,broken clouds,0.0,0
606,beringovskiy,RU,2022-06-02 22:03:05,63.05,179.3167,41.45,73,19,8.59,few clouds,0.0,0
607,suez,EG,2022-06-02 22:03:05,29.9737,32.5263,73.47,68,0,10.69,clear sky,0.0,0
608,oksfjord,NO,2022-06-02 22:03:05,70.2396,22.3479,57.99,57,89,4.85,overcast clouds,0.0,0
609,havelock,US,2022-06-02 22:03:06,34.8791,-76.9013,88.02,78,33,10.0,scattered clouds,0.0,0
610,bereda,ES,2022-06-02 22:03:06,43.2686,-7.5406,58.57,100,72,2.77,light rain,0.0,0
611,mabaruma,GY,2022-06-02 22:03:06,8.2,-59.7833,75.45,96,87,3.38,overcast clouds,0.0,0
612,mapiripan,CO,2022-06-02 22:03:07,2.8892,-72.1256,79.3,83,85,1.45,light rain,0.0,0
613,dawlatabad,AF,2022-06-02 22:00:03,36.4141,64.9053,78.22,17,0,3.22,clear sky,0.0,0
614,tambo,PE,2022-06-02 22:03:07,-14.8,-73.9167,38.52,43,94,6.82,overcast clouds,0.0,0
615,la asuncion,VE,2022-06-02 22:03:08,11.0333,-63.8628,76.23,87,100,16.46,overcast clouds,0.0,0
616,colinas,BR,2022-06-02 22:03:08,-6.0258,-44.2492,75.52,90,100,1.74,overcast clouds,0.0,0
617,maniitsoq,GL,2022-06-02 22:03:09,65.4167,-52.9,43.02,62,7,5.01,clear sky,0.0,0
618,zwedru,LR,2022-06-02 22:03:09,6.0667,-8.1281,73.76,98,39,4.21,light rain,0.0,0
619,narsaq,GL,2022-06-02 22:03:10,60.9167,-46.05,55.62,55,0,4.56,clear sky,0.0,0
620,moerewa,NZ,2022-06-02 22:03:10,-35.3833,174.0333,59.34,71,46,9.53,scattered clouds,0.0,0
621,amahai,ID,2022-06-02 22:03:10,-3.3333,128.9167,78.12,85,84,3.31,broken clouds,0.0,0
622,koungou,YT,2022-06-02 22:03:11,-12.7336,45.2042,76.71,73,0,14.97,clear sky,0.0,0
623,yerofey pavlovich,RU,2022-06-02 22:03:11,53.9667,121.9667,46.4,92,100,3.98,overcast clouds,0.0,0
624,bochov,CZ,2022-06-02 22:03:12,50.1487,13.0523,52.12,74,26,4.83,scattered clouds,0.0,0
625,mollendo,PE,2022-06-02 22:03:12,-17.0231,-72.0147,63.64,81,100,8.39,overcast clouds,0.0,0
626,sembe,CG,2022-06-02 22:03:13,1.6481,14.5806,72.37,87,100,1.95,overcast clouds,0.0,0
627,bowen,AU,2022-06-02 22:03:14,-20.0167,148.2333,66.31,85,66,8.68,broken clouds,0.0,0
628,arawa,PG,2022-06-02 22:03:14,-6.2132,155.5367,79.83,84,28,1.81,scattered clouds,0.0,0
629,murgab,TM,2022-06-02 22:03:14,37.4966,61.9714,79.59,16,2,10.51,clear sky,0.0,0
630,churapcha,RU,2022-06-02 22:03:15,62.0025,132.4325,60.48,62,12,8.79,few clouds,0.0,0
631,sar-e pul,AF,2022-06-02 22:03:15,35.8333,66.1667,60.69,31,0,3.27,clear sky,0.0,0
632,urengoy,RU,2022-06-02 22:03:15,65.9667,78.3667,32.0,87,96,17.16,overcast clouds,0.0,0
633,zhengjiatun,CN,2022-06-02 22:03:16,43.5064,123.5064,67.6,52,99,12.55,overcast clouds,0.0,0
634,umba,RU,2022-06-02 22:03:16,66.6871,34.3429,51.4,95,100,15.05,light rain,0.0,0
635,chulym,RU,2022-06-02 22:03:17,55.0997,80.9572,39.47,84,7,8.23,clear sky,0.0,0
636,roebourne,AU,2022-06-02 22:03:17,-20.7833,117.1333,62.04,68,5,15.1,clear sky,0.0,0
637,soldotna,US,2022-06-02 22:03:17,60.4878,-151.0583,75.22,21,0,9.22,clear sky,0.0,0
638,davila,PH,2022-06-02 22:03:18,18.4726,120.5763,81.9,80,95,13.24,overcast clouds,0.0,0
639,okhotsk,RU,2022-06-02 22:03:18,59.3833,143.3,43.65,81,29,1.61,scattered clouds,0.0,0
640,hailin,CN,2022-06-02 22:03:19,44.5833,129.4167,53.98,84,24,2.06,few clouds,0.0,0
641,bealanana,MG,2022-06-02 22:03:19,-14.55,48.7333,60.19,94,94,5.39,overcast clouds,0.0,0
642,tonantins,BR,2022-06-02 22:03:19,-2.8731,-67.8022,79.27,84,94,2.62,overcast clouds,0.0,0
643,keratea,GR,2022-06-02 22:03:20,37.8073,23.9769,80.31,39,0,18.41,clear sky,0.0,0
644,den helder,NL,2022-06-02 22:03:20,52.9599,4.7593,57.18,77,30,14.0,scattered clouds,0.0,0
645,acapulco,MX,2022-06-02 22:01:14,16.8634,-99.8901,83.66,71,58,11.79,broken clouds,0.0,0
646,chiman,PK,2022-06-02 22:03:20,32.5463,73.8138,86.76,14,0,6.35,clear sky,0.0,0
647,saint-louis,SN,2022-06-02 22:02:13,16.3333,-15.0,96.57,16,100,6.98,overcast clouds,0.0,0
648,phan thiet,VN,2022-06-02 22:03:21,10.9333,108.1,76.42,89,100,4.61,overcast clouds,0.0,0
649,shenjiamen,CN,2022-06-02 22:03:21,29.9576,122.298,68.5,97,77,8.48,broken clouds,0.0,0
650,taitung,TW,2022-06-02 22:02:29,22.7583,121.1444,80.92,73,57,3.51,broken clouds,0.0,0
651,evensk,RU,2022-06-02 22:03:22,61.95,159.2333,49.3,63,100,4.16,overcast clouds,0.0,0
652,tarumovka,RU,2022-06-02 22:03:22,44.0761,46.5361,62.53,72,12,5.66,few clouds,0.0,0
653,le havre,FR,2022-06-02 22:03:23,49.4938,0.1077,62.35,63,0,9.22,clear sky,0.0,0
654,belaya gora,RU,2022-06-02 22:03:23,68.5333,146.4167,47.73,49,100,8.68,overcast clouds,0.0,0
655,georgiyevka,KZ,2022-06-02 22:03:23,43.0369,74.7114,59.04,72,40,8.95,scattered clouds,0.0,0
656,cam ranh,VN,2022-06-02 22:02:10,11.9214,109.1591,76.96,83,20,1.14,few clouds,0.0,0
657,santa rosa,PH,2022-06-02 21:59:01,14.3122,121.1114,82.11,88,74,2.48,broken clouds,0.0,0
658,ilhabela,BR,2022-06-02 22:02:04,-23.7781,-45.3581,67.8,88,100,6.91,overcast clouds,0.0,0
659,roxana,CR,2022-06-02 21:58:24,10.2753,-83.7513,82.04,84,94,1.16,overcast clouds,0.0,0
660,ishinomaki,JP,2022-06-02 22:03:25,38.4167,141.3,59.5,83,55,4.03,broken clouds,0.0,0
661,zhukovo,RU,2022-06-02 22:03:25,55.0318,36.744,56.82,96,100,4.63,overcast clouds,0.0,0
662,turukhansk,RU,2022-06-02 22:03:25,65.8167,87.9833,42.89,66,100,12.95,overcast clouds,0.0,0
663,sabang,ID,2022-06-02 22:03:26,5.8933,95.3214,80.06,81,99,26.33,overcast clouds,0.0,0
664,penon blanco,MX,2022-06-02 22:03:26,24.7897,-104.0369,90.75,16,5,17.27,clear sky,0.0,0
665,qaqortoq,GL,2022-06-02 22:03:26,60.7167,-46.0333,43.27,63,0,3.15,clear sky,0.0,0
666,puerto madero,MX,2022-06-02 22:03:27,14.7208,-92.4215,84.4,79,75,9.22,broken clouds,0.0,0
667,kamaishi,JP,2022-06-02 22:03:27,39.2667,141.8833,59.07,84,9,4.07,clear sky,0.0,0
668,kosa,RU,2022-06-02 22:03:28,59.9445,54.9977,50.56,96,37,2.75,scattered clouds,0.0,0
669,tiarei,PF,2022-06-02 22:03:28,-17.5333,-149.3333,80.01,83,100,15.59,light rain,0.0,0
670,general roca,AR,2022-06-02 22:03:28,-39.0333,-67.5833,48.61,48,75,7.23,broken clouds,0.0,0
671,gulbene,LV,2022-06-02 22:03:29,57.1777,26.7529,44.92,97,3,5.23,clear sky,0.0,0
672,yenagoa,NG,2022-06-02 22:03:29,4.9247,6.2642,75.99,95,77,3.74,broken clouds,0.0,0
673,menongue,AO,2022-06-02 22:03:30,-14.6585,17.691,51.55,63,9,7.2,clear sky,0.0,0
674,piacabucu,BR,2022-06-02 22:03:30,-10.4056,-36.4344,76.51,88,49,6.6,scattered clouds,0.0,0
675,zhanaozen,KZ,2022-06-02 22:03:30,43.3,52.8,72.03,32,52,20.2,broken clouds,0.0,0
676,san carlos de bariloche,AR,2022-06-02 22:00:31,-41.1456,-71.3082,33.24,68,82,0.72,broken clouds,0.0,0
677,odweyne,SO,2022-06-02 22:03:31,9.4092,45.064,73.87,55,50,15.82,scattered clouds,0.0,0
678,mumford,GH,2022-06-02 22:03:31,5.2618,-0.759,80.22,83,56,11.01,broken clouds,0.0,0
679,jurbarkas,LT,2022-06-02 22:03:31,55.0778,22.7664,44.92,90,81,6.42,broken clouds,0.0,0
680,tessalit,ML,2022-06-02 22:03:32,20.1986,1.0114,95.05,15,62,22.39,broken clouds,0.0,0
681,zonguldak,TR,2022-06-02 22:03:32,41.25,31.8333,56.07,96,64,4.09,broken clouds,0.0,0
682,jaisalmer,IN,2022-06-02 22:03:33,26.9147,70.9181,85.3,38,0,17.25,clear sky,0.0,0
683,shache,CN,2022-06-02 22:03:33,38.4167,77.2406,73.71,14,100,5.79,overcast clouds,0.0,0
684,ishigaki,JP,2022-06-02 22:03:34,24.3448,124.1572,81.86,86,99,12.53,overcast clouds,0.0,0
685,buala,SB,2022-06-02 22:03:34,-8.145,159.5921,82.15,78,90,7.96,light rain,0.0,0
686,chiredzi,ZW,2022-06-02 22:03:34,-21.05,31.6667,63.27,50,92,6.82,overcast clouds,0.0,0
687,rosetta,EG,2022-06-02 22:03:35,31.4044,30.4164,70.54,89,0,8.68,clear sky,0.0,0
688,pierre,US,2022-06-02 22:03:35,44.3683,-100.351,78.06,26,20,23.02,few clouds,0.0,0
689,bima,ID,2022-06-02 22:03:36,-8.4667,118.7167,74.41,93,1,2.84,clear sky,0.0,0
690,lianran,CN,2022-06-02 22:03:36,24.9227,102.485,62.58,96,55,2.8,broken clouds,0.0,0
691,ferme-neuve,CA,2022-06-02 22:03:36,46.7001,-75.4493,64.27,79,98,3.67,overcast clouds,0.0,0
692,malanje,AO,2022-06-02 22:03:37,-9.5402,16.341,60.42,53,5,3.38,clear sky,0.0,0
693,bindura,ZW,2022-06-02 22:03:37,-17.3019,31.3306,47.84,83,31,2.44,scattered clouds,0.0,0
694,broadstairs,GB,2022-06-02 22:03:38,51.3591,1.4394,56.19,76,6,3.0,clear sky,0.0,0
695,ulaanbaatar,MN,2022-06-02 22:03:38,47.9077,106.8832,51.93,71,20,4.47,few clouds,0.0,0
696,abu samrah,SY,2022-06-02 22:03:38,35.3029,37.1841,72.77,46,13,10.63,few clouds,0.0,0
697,ayan,RU,2022-06-02 22:03:39,56.45,138.1667,40.69,89,100,3.02,overcast clouds,0.0,0
698,siddapur,IN,2022-06-02 22:03:39,14.3333,74.8833,71.62,95,90,3.74,overcast clouds,0.0,0
699,salinopolis,BR,2022-06-02 22:03:39,-0.6136,-47.3561,79.39,80,85,8.16,overcast clouds,0.0,0
